date,trade_date,sector_id,sector_node_id,fund_code,fund_name,open,high,low,close,volume,amount,pct_change,turnover,latest_share,previous_share,share_change,estimated_flow,source_provider,source_endpoint,provider_run_id,collected_at,historical_input,backfill_source_provider,backfill_source_endpoint,retrieved_at,backfilled_at,cutoff_date
2026-04-30,2026-04-30,ai_computer,ai_computer_etf_flow,159819,AI ETF candidate,1.757,1.791,1.737,1.787,3730794.0,660571652.162,2.7,3.27,,,,,eastmoney,push2his bulk kline curl fallback after AKShare TLS failure,market_history_backfill_v0_10_77,2026-07-28T06:10:48.831103+00:00,true,eastmoney,push2his bulk kline curl fallback after AKShare TLS failure,2026-07-28T06:10:48.831103+00:00,2026-07-28T06:10:48.831103+00:00,2026-07-28
2026-04-30,2026-04-30,consumer,consumer_etf_flow,159928,Consumer ETF candidate,0.745,0.753,0.743,0.747,4895282.0,365906977.026,0.27,2.12,,,,,eastmoney,push2his bulk kline curl fallback after AKShare TLS failure,market_history_backfill_v0_10_77,2026-07-28T06:10:48.831103+00:00,true,eastmoney,push2his bulk kline curl fallback after AKShare TLS failure,2026-07-28T06:10:48.831103+00:00,2026-07-28T06:10:48.831103+00:00,2026-07-28
2026-04-30,2026-04-30,brokerage,brokerage_etf_flow,512000,Brokerage ETF candidate,0.513,0.524,0.513,0.516,21481925.0,1111518276.0,0.39,2.82,,,,,eastmoney,push2his bulk kline curl fallback after AKShare TLS failure,market_history_backfill_v0_10_77,2026-07-28T06:10:48.831103+00:00,true,eastmoney,push2his bulk kline curl fallback after AKShare TLS failure,2026-07-28T06:10:48.831103+00:00,2026-07-28T06:10:48.831103+00:00,2026-07-28
2026-04-30,2026-04-30,healthcare_pharma,healthcare_pharma_etf_flow,512010,Healthcare ETF candidate,0.372,0.373,0.368,0.37,9528835.0,352819786.0,-1.07,2.05,,,,,eastmoney,push2his bulk kline curl fallback after AKShare TLS failure,market_history_backfill_v0_10_77,2026-07-28T06:10:48.831103+00:00,true,eastmoney,push2his bulk kline curl fallback after AKShare TLS failure,2026-07-28T06:10:48.831103+00:00,2026-07-28T06:10:48.831103+00:00,2026-07-28
2026-04-30,2026-04-30,real_estate_infra,real_estate_infra_etf_flow,512200,Real estate ETF candidate,1.415,1.443,1.41,1.438,825641.0,118217367.0,1.7,2.96,,,,,eastmoney,push2his bulk kline curl fallback after AKShare TLS failure,market_history_backfill_v0_10_77,2026-07-28T06:10:48.831103+00:00,true,eastmoney,push2his bulk kline curl fallback after AKShare TLS failure,2026-07-28T06:10:48.831103+00:00,2026-07-28T06:10:48.831103+00:00,2026-07-28
2026-04-30,2026-04-30,resources_materials,resources_materials_etf_flow,512400,Non-ferrous metals ETF candidate,2.128,2.154,2.101,2.119,3802627.0,807395293.0,-0.98,2.99,,,,,eastmoney,push2his bulk kline curl fallback after AKShare TLS failure,market_history_backfill_v0_10_77,2026-07-28T06:10:48.831103+00:00,true,eastmoney,push2his bulk kline curl fallback after AKShare TLS failure,2026-07-28T06:10:48.831103+00:00,2026-07-28T06:10:48.831103+00:00,2026-07-28
2026-04-30,2026-04-30,semiconductor,semiconductor_etf_flow,512480,Semiconductor ETF candidate,1.751,1.829,1.747,1.817,12900460.0,2308150758.0,4.91,6.9,,,,,eastmoney,push2his bulk kline curl fallback after AKShare TLS failure,market_history_backfill_v0_10_77,2026-07-28T06:10:48.831103+00:00,true,eastmoney,push2his bulk kline curl fallback after AKShare TLS failure,2026-07-28T06:10:48.831103+00:00,2026-07-28T06:10:48.831103+00:00,2026-07-28
2026-04-30,2026-04-30,defense_military,defense_military_etf_flow,512660,Defense ETF candidate,1.379,1.402,1.378,1.399,2249078.0,313306433.0,1.6,3.92,,,,,eastmoney,push2his bulk kline curl fallback after AKShare TLS failure,market_history_backfill_v0_10_77,2026-07-28T06:10:48.831103+00:00,true,eastmoney,push2his bulk kline curl fallback after AKShare TLS failure,2026-07-28T06:10:48.831103+00:00,2026-07-28T06:10:48.831103+00:00,2026-07-28
2026-04-30,2026-04-30,bank_insurance,bank_insurance_etf_flow,512800,Bank ETF candidate,0.798,0.8,0.792,0.795,10150845.0,807184213.0,-0.63,7.17,,,,,eastmoney,push2his bulk kline curl fallback after AKShare TLS failure,market_history_backfill_v0_10_77,2026-07-28T06:10:48.831103+00:00,true,eastmoney,push2his bulk kline curl fallback after AKShare TLS failure,2026-07-28T06:10:48.831103+00:00,2026-07-28T06:10:48.831103+00:00,2026-07-28
2026-04-30,2026-04-30,new_energy_ev,new_energy_ev_etf_flow,515030,New energy vehicle ETF candidate,2.128,2.154,2.117,2.132,2045722.0,436488052.0,-0.14,12.9,,,,,eastmoney,push2his bulk kline curl fallback after AKShare TLS failure,market_history_backfill_v0_10_77,2026-07-28T06:10:48.831103+00:00,true,eastmoney,push2his bulk kline curl fallback after AKShare TLS failure,2026-07-28T06:10:48.831103+00:00,2026-07-28T06:10:48.831103+00:00,2026-07-28
2026-04-30,2026-04-30,communication_electronics,communication_electronics_etf_flow,515880,Communication ETF candidate,1.339,1.344,1.302,1.321,15167799.0,2002932198.0,-0.53,2.29,,,,,eastmoney,push2his bulk kline curl fallback after AKShare TLS failure,market_history_backfill_v0_10_77,2026-07-28T06:10:48.831103+00:00,true,eastmoney,push2his bulk kline curl fallback after AKShare TLS failure,2026-07-28T06:10:48.831103+00:00,2026-07-28T06:10:48.831103+00:00,2026-07-28
2026-05-06,2026-05-06,ai_computer,ai_computer_etf_flow,159819,AI ETF candidate,1.836,1.897,1.835,1.851,5446030.0,1015558326.212,3.58,4.77,,,,,eastmoney,push2his bulk kline curl fallback after AKShare TLS failure,market_history_backfill_v0_10_77,2026-07-28T06:10:48.831103+00:00,true,eastmoney,push2his bulk kline curl fallback after AKShare TLS failure,2026-07-28T06:10:48.831103+00:00,2026-07-28T06:10:48.831103+00:00,2026-07-28
2026-05-06,2026-05-06,consumer,consumer_etf_flow,159928,Consumer ETF candidate,0.74,0.742,0.735,0.742,4829362.0,356655966.063,-0.67,2.09,,,,,eastmoney,push2his bulk kline curl fallback after AKShare TLS failure,market_history_backfill_v0_10_77,2026-07-28T06:10:48.831103+00:00,true,eastmoney,push2his bulk kline curl fallback after AKShare TLS failure,2026-07-28T06:10:48.831103+00:00,2026-07-28T06:10:48.831103+00:00,2026-07-28
2026-05-06,2026-05-06,brokerage,brokerage_etf_flow,512000,Brokerage ETF candidate,0.517,0.526,0.516,0.523,25231282.0,1316365761.0,1.36,3.32,,,,,eastmoney,push2his bulk kline curl fallback after AKShare TLS failure,market_history_backfill_v0_10_77,2026-07-28T06:10:48.831103+00:00,true,eastmoney,push2his bulk kline curl fallback after AKShare TLS failure,2026-07-28T06:10:48.831103+00:00,2026-07-28T06:10:48.831103+00:00,2026-07-28
2026-05-06,2026-05-06,healthcare_pharma,healthcare_pharma_etf_flow,512010,Healthcare ETF candidate,0.37,0.371,0.367,0.368,9469950.0,348683248.0,-0.54,2.04,,,,,eastmoney,push2his bulk kline curl fallback after AKShare TLS failure,market_history_backfill_v0_10_77,2026-07-28T06:10:48.831103+00:00,true,eastmoney,push2his bulk kline curl fallback after AKShare TLS failure,2026-07-28T06:10:48.831103+00:00,2026-07-28T06:10:48.831103+00:00,2026-07-28
2026-05-06,2026-05-06,real_estate_infra,real_estate_infra_etf_flow,512200,Real estate ETF candidate,1.45,1.469,1.439,1.462,1736133.0,252303916.0,1.67,6.23,,,,,eastmoney,push2his bulk kline curl fallback after AKShare TLS failure,market_history_backfill_v0_10_77,2026-07-28T06:10:48.831103+00:00,true,eastmoney,push2his bulk kline curl fallback after AKShare TLS failure,2026-07-28T06:10:48.831103+00:00,2026-07-28T06:10:48.831103+00:00,2026-07-28
2026-05-06,2026-05-06,resources_materials,resources_materials_etf_flow,512400,Non-ferrous metals ETF candidate,2.134,2.2,2.114,2.199,7010343.0,1518315837.0,3.78,5.51,,,,,eastmoney,push2his bulk kline curl fallback after AKShare TLS failure,market_history_backfill_v0_10_77,2026-07-28T06:10:48.831103+00:00,true,eastmoney,push2his bulk kline curl fallback after AKShare TLS failure,2026-07-28T06:10:48.831103+00:00,2026-07-28T06:10:48.831103+00:00,2026-07-28
2026-05-06,2026-05-06,semiconductor,semiconductor_etf_flow,512480,Semiconductor ETF candidate,1.893,1.983,1.89,1.913,10695165.0,2074942490.0,5.28,5.72,,,,,eastmoney,push2his bulk kline curl fallback after AKShare TLS failure,market_history_backfill_v0_10_77,2026-07-28T06:10:48.831103+00:00,true,eastmoney,push2his bulk kline curl fallback after AKShare TLS failure,2026-07-28T06:10:48.831103+00:00,2026-07-28T06:10:48.831103+00:00,2026-07-28
2026-05-06,2026-05-06,defense_military,defense_military_etf_flow,512660,Defense ETF candidate,1.403,1.439,1.403,1.43,3233983.0,462525869.0,2.22,5.64,,,,,eastmoney,push2his bulk kline curl fallback after AKShare TLS failure,market_history_backfill_v0_10_77,2026-07-28T06:10:48.831103+00:00,true,eastmoney,push2his bulk kline curl fallback after AKShare TLS failure,2026-07-28T06:10:48.831103+00:00,2026-07-28T06:10:48.831103+00:00,2026-07-28
2026-05-06,2026-05-06,bank_insurance,bank_insurance_etf_flow,512800,Bank ETF candidate,0.793,0.794,0.783,0.788,10567806.0,830690161.0,-0.88,7.47,,,,,eastmoney,push2his bulk kline curl fallback after AKShare TLS failure,market_history_backfill_v0_10_77,2026-07-28T06:10:48.831103+00:00,true,eastmoney,push2his bulk kline curl fallback after AKShare TLS failure,2026-07-28T06:10:48.831103+00:00,2026-07-28T06:10:48.831103+00:00,2026-07-28
2026-05-06,2026-05-06,new_energy_ev,new_energy_ev_etf_flow,515030,New energy vehicle ETF candidate,2.155,2.207,2.134,2.202,1763002.0,383028953.0,3.28,11.11,,,,,eastmoney,push2his bulk kline curl fallback after AKShare TLS failure,market_history_backfill_v0_10_77,2026-07-28T06:10:48.831103+00:00,true,eastmoney,push2his bulk kline curl fallback after AKShare TLS failure,2026-07-28T06:10:48.831103+00:00,2026-07-28T06:10:48.831103+00:00,2026-07-28
2026-05-06,2026-05-06,communication_electronics,communication_electronics_etf_flow,515880,Communication ETF candidate,1.344,1.376,1.332,1.352,17766516.0,2412532119.0,2.35,2.68,,,,,eastmoney,push2his bulk kline curl fallback after AKShare TLS failure,market_history_backfill_v0_10_77,2026-07-28T06:10:48.831103+00:00,true,eastmoney,push2his bulk kline curl fallback after AKShare TLS failure,2026-07-28T06:10:48.831103+00:00,2026-07-28T06:10:48.831103+00:00,2026-07-28
2026-05-07,2026-05-07,ai_computer,ai_computer_etf_flow,159819,AI ETF candidate,1.86,1.902,1.841,1.9,3671030.0,688988184.714,2.65,3.22,,,,,eastmoney,push2his bulk kline curl fallback after AKShare TLS failure,market_history_backfill_v0_10_77,2026-07-28T06:10:48.831103+00:00,true,eastmoney,push2his bulk kline curl fallback after AKShare TLS failure,2026-07-28T06:10:48.831103+00:00,2026-07-28T06:10:48.831103+00:00,2026-07-28
2026-05-07,2026-05-07,consumer,consumer_etf_flow,159928,Consumer ETF candidate,0.741,0.746,0.737,0.739,3648240.0,270118518.769,-0.4,1.58,,,,,eastmoney,push2his bulk kline curl fallback after AKShare TLS failure,market_history_backfill_v0_10_77,2026-07-28T06:10:48.831103+00:00,true,eastmoney,push2his bulk kline curl fallback after AKShare TLS failure,2026-07-28T06:10:48.831103+00:00,2026-07-28T06:10:48.831103+00:00,2026-07-28
2026-05-07,2026-05-07,brokerage,brokerage_etf_flow,512000,Brokerage ETF candidate,0.525,0.526,0.517,0.521,21071282.0,1094376249.0,-0.38,2.77,,,,,eastmoney,push2his bulk kline curl fallback after AKShare TLS failure,market_history_backfill_v0_10_77,2026-07-28T06:10:48.831103+00:00,true,eastmoney,push2his bulk kline curl fallback after AKShare TLS failure,2026-07-28T06:10:48.831103+00:00,2026-07-28T06:10:48.831103+00:00,2026-07-28
2026-05-07,2026-05-07,healthcare_pharma,healthcare_pharma_etf_flow,512010,Healthcare ETF candidate,0.37,0.371,0.367,0.368,9494481.0,350182468.0,0.0,2.05,,,,,eastmoney,push2his bulk kline curl fallback after AKShare TLS failure,market_history_backfill_v0_10_77,2026-07-28T06:10:48.831103+00:00,true,eastmoney,push2his bulk kline curl fallback after AKShare TLS failure,2026-07-28T06:10:48.831103+00:00,2026-07-28T06:10:48.831103+00:00,2026-07-28
2026-05-07,2026-05-07,real_estate_infra,real_estate_infra_etf_flow,512200,Real estate ETF candidate,1.462,1.476,1.46,1.47,1875182.0,275329829.0,0.55,6.73,,,,,eastmoney,push2his bulk kline curl fallback after AKShare TLS failure,market_history_backfill_v0_10_77,2026-07-28T06:10:48.831103+00:00,true,eastmoney,push2his bulk kline curl fallback after AKShare TLS failure,2026-07-28T06:10:48.831103+00:00,2026-07-28T06:10:48.831103+00:00,2026-07-28
2026-05-07,2026-05-07,resources_materials,resources_materials_etf_flow,512400,Non-ferrous metals ETF candidate,2.231,2.235,2.178,2.207,7521276.0,1658626372.0,0.36,5.91,,,,,eastmoney,push2his bulk kline curl fallback after AKShare TLS failure,market_history_backfill_v0_10_77,2026-07-28T06:10:48.831103+00:00,true,eastmoney,push2his bulk kline curl fallback after AKShare TLS failure,2026-07-28T06:10:48.831103+00:00,2026-07-28T06:10:48.831103+00:00,2026-07-28
2026-05-07,2026-05-07,semiconductor,semiconductor_etf_flow,512480,Semiconductor ETF candidate,1.93,1.955,1.903,1.949,8124786.0,1566590591.0,1.88,4.35,,,,,eastmoney,push2his bulk kline curl fallback after AKShare TLS failure,market_history_backfill_v0_10_77,2026-07-28T06:10:48.831103+00:00,true,eastmoney,push2his bulk kline curl fallback after AKShare TLS failure,2026-07-28T06:10:48.831103+00:00,2026-07-28T06:10:48.831103+00:00,2026-07-28
2026-05-07,2026-05-07,defense_military,defense_military_etf_flow,512660,Defense ETF candidate,1.433,1.448,1.426,1.446,2115451.0,303991134.0,1.12,3.69,,,,,eastmoney,push2his bulk kline curl fallback after AKShare TLS failure,market_history_backfill_v0_10_77,2026-07-28T06:10:48.831103+00:00,true,eastmoney,push2his bulk kline curl fallback after AKShare TLS failure,2026-07-28T06:10:48.831103+00:00,2026-07-28T06:10:48.831103+00:00,2026-07-28
2026-05-07,2026-05-07,bank_insurance,bank_insurance_etf_flow,512800,Bank ETF candidate,0.787,0.789,0.784,0.784,7292740.0,573092505.0,-0.51,5.15,,,,,eastmoney,push2his bulk kline curl fallback after AKShare TLS failure,market_history_backfill_v0_10_77,2026-07-28T06:10:48.831103+00:00,true,eastmoney,push2his bulk kline curl fallback after AKShare TLS failure,2026-07-28T06:10:48.831103+00:00,2026-07-28T06:10:48.831103+00:00,2026-07-28
2026-05-07,2026-05-07,new_energy_ev,new_energy_ev_etf_flow,515030,New energy vehicle ETF candidate,2.206,2.206,2.154,2.182,1620363.0,352380361.0,-0.91,10.21,,,,,eastmoney,push2his bulk kline curl fallback after AKShare TLS failure,market_history_backfill_v0_10_77,2026-07-28T06:10:48.831103+00:00,true,eastmoney,push2his bulk kline curl fallback after AKShare TLS failure,2026-07-28T06:10:48.831103+00:00,2026-07-28T06:10:48.831103+00:00,2026-07-28
2026-05-07,2026-05-07,communication_electronics,communication_electronics_etf_flow,515880,Communication ETF candidate,1.368,1.414,1.342,1.414,20592159.0,2851077380.0,4.59,3.11,,,,,eastmoney,push2his bulk kline curl fallback after AKShare TLS failure,market_history_backfill_v0_10_77,2026-07-28T06:10:48.831103+00:00,true,eastmoney,push2his bulk kline curl fallback after AKShare TLS failure,2026-07-28T06:10:48.831103+00:00,2026-07-28T06:10:48.831103+00:00,2026-07-28
2026-05-08,2026-05-08,ai_computer,ai_computer_etf_flow,159819,AI ETF candidate,1.875,1.897,1.862,1.888,2598558.0,488765668.629,-0.63,2.28,,,,,eastmoney,push2his bulk kline curl fallback after AKShare TLS failure,market_history_backfill_v0_10_77,2026-07-28T06:10:48.831103+00:00,true,eastmoney,push2his bulk kline curl fallback after AKShare TLS failure,2026-07-28T06:10:48.831103+00:00,2026-07-28T06:10:48.831103+00:00,2026-07-28
2026-05-08,2026-05-08,consumer,consumer_etf_flow,159928,Consumer ETF candidate,0.738,0.741,0.732,0.734,4686874.0,344373082.284,-0.68,2.03,,,,,eastmoney,push2his bulk kline curl fallback after AKShare TLS failure,market_history_backfill_v0_10_77,2026-07-28T06:10:48.831103+00:00,true,eastmoney,push2his bulk kline curl fallback after AKShare TLS failure,2026-07-28T06:10:48.831103+00:00,2026-07-28T06:10:48.831103+00:00,2026-07-28
2026-05-08,2026-05-08,brokerage,brokerage_etf_flow,512000,Brokerage ETF candidate,0.518,0.521,0.515,0.517,13574634.0,702246309.0,-0.77,1.78,,,,,eastmoney,push2his bulk kline curl fallback after AKShare TLS failure,market_history_backfill_v0_10_77,2026-07-28T06:10:48.831103+00:00,true,eastmoney,push2his bulk kline curl fallback after AKShare TLS failure,2026-07-28T06:10:48.831103+00:00,2026-07-28T06:10:48.831103+00:00,2026-07-28
2026-05-08,2026-05-08,healthcare_pharma,healthcare_pharma_etf_flow,512010,Healthcare ETF candidate,0.369,0.369,0.364,0.366,11809267.0,432164734.0,-0.54,2.55,,,,,eastmoney,push2his bulk kline curl fallback after AKShare TLS failure,market_history_backfill_v0_10_77,2026-07-28T06:10:48.831103+00:00,true,eastmoney,push2his bulk kline curl fallback after AKShare TLS failure,2026-07-28T06:10:48.831103+00:00,2026-07-28T06:10:48.831103+00:00,2026-07-28
2026-05-08,2026-05-08,real_estate_infra,real_estate_infra_etf_flow,512200,Real estate ETF candidate,1.464,1.493,1.462,1.488,1298534.0,192610407.0,1.22,4.66,,,,,eastmoney,push2his bulk kline curl fallback after AKShare TLS failure,market_history_backfill_v0_10_77,2026-07-28T06:10:48.831103+00:00,true,eastmoney,push2his bulk kline curl fallback after AKShare TLS failure,2026-07-28T06:10:48.831103+00:00,2026-07-28T06:10:48.831103+00:00,2026-07-28
2026-05-08,2026-05-08,resources_materials,resources_materials_etf_flow,512400,Non-ferrous metals ETF candidate,2.188,2.215,2.165,2.206,5402754.0,1185767596.0,-0.05,4.24,,,,,eastmoney,push2his bulk kline curl fallback after AKShare TLS failure,market_history_backfill_v0_10_77,2026-07-28T06:10:48.831103+00:00,true,eastmoney,push2his bulk kline curl fallback after AKShare TLS failure,2026-07-28T06:10:48.831103+00:00,2026-07-28T06:10:48.831103+00:00,2026-07-28
2026-05-08,2026-05-08,semiconductor,semiconductor_etf_flow,512480,Semiconductor ETF candidate,1.908,1.918,1.879,1.902,8513916.0,1617900148.0,-2.41,4.55,,,,,eastmoney,push2his bulk kline curl fallback after AKShare TLS failure,market_history_backfill_v0_10_77,2026-07-28T06:10:48.831103+00:00,true,eastmoney,push2his bulk kline curl fallback after AKShare TLS failure,2026-07-28T06:10:48.831103+00:00,2026-07-28T06:10:48.831103+00:00,2026-07-28
2026-05-08,2026-05-08,defense_military,defense_military_etf_flow,512660,Defense ETF candidate,1.441,1.479,1.431,1.474,3342221.0,488113434.0,1.94,5.82,,,,,eastmoney,push2his bulk kline curl fallback after AKShare TLS failure,market_history_backfill_v0_10_77,2026-07-28T06:10:48.831103+00:00,true,eastmoney,push2his bulk kline curl fallback after AKShare TLS failure,2026-07-28T06:10:48.831103+00:00,2026-07-28T06:10:48.831103+00:00,2026-07-28
2026-05-08,2026-05-08,bank_insurance,bank_insurance_etf_flow,512800,Bank ETF candidate,0.785,0.79,0.783,0.785,7698890.0,604451063.0,0.13,5.44,,,,,eastmoney,push2his bulk kline curl fallback after AKShare TLS failure,market_history_backfill_v0_10_77,2026-07-28T06:10:48.831103+00:00,true,eastmoney,push2his bulk kline curl fallback after AKShare TLS failure,2026-07-28T06:10:48.831103+00:00,2026-07-28T06:10:48.831103+00:00,2026-07-28
2026-05-08,2026-05-08,new_energy_ev,new_energy_ev_etf_flow,515030,New energy vehicle ETF candidate,2.158,2.202,2.13,2.132,1712224.0,369878600.0,-2.29,10.79,,,,,eastmoney,push2his bulk kline curl fallback after AKShare TLS failure,market_history_backfill_v0_10_77,2026-07-28T06:10:48.831103+00:00,true,eastmoney,push2his bulk kline curl fallback after AKShare TLS failure,2026-07-28T06:10:48.831103+00:00,2026-07-28T06:10:48.831103+00:00,2026-07-28
2026-05-08,2026-05-08,communication_electronics,communication_electronics_etf_flow,515880,Communication ETF candidate,1.392,1.435,1.386,1.43,18956930.0,2679182957.0,1.13,2.86,,,,,eastmoney,push2his bulk kline curl fallback after AKShare TLS failure,market_history_backfill_v0_10_77,2026-07-28T06:10:48.831103+00:00,true,eastmoney,push2his bulk kline curl fallback after AKShare TLS failure,2026-07-28T06:10:48.831103+00:00,2026-07-28T06:10:48.831103+00:00,2026-07-28
2026-05-11,2026-05-11,ai_computer,ai_computer_etf_flow,159819,AI ETF candidate,1.925,1.951,1.888,1.948,5849897.0,1130768438.947,3.18,5.13,,,,,eastmoney,push2his bulk kline curl fallback after AKShare TLS failure,market_history_backfill_v0_10_77,2026-07-28T06:10:48.831103+00:00,true,eastmoney,push2his bulk kline curl fallback after AKShare TLS failure,2026-07-28T06:10:48.831103+00:00,2026-07-28T06:10:48.831103+00:00,2026-07-28
2026-05-11,2026-05-11,consumer,consumer_etf_flow,159928,Consumer ETF candidate,0.732,0.737,0.728,0.736,4990012.0,366234003.1,0.27,2.16,,,,,eastmoney,push2his bulk kline curl fallback after AKShare TLS failure,market_history_backfill_v0_10_77,2026-07-28T06:10:48.831103+00:00,true,eastmoney,push2his bulk kline curl fallback after AKShare TLS failure,2026-07-28T06:10:48.831103+00:00,2026-07-28T06:10:48.831103+00:00,2026-07-28
2026-05-11,2026-05-11,brokerage,brokerage_etf_flow,512000,Brokerage ETF candidate,0.515,0.528,0.513,0.525,38555471.0,2010595815.0,1.55,5.07,,,,,eastmoney,push2his bulk kline curl fallback after AKShare TLS failure,market_history_backfill_v0_10_77,2026-07-28T06:10:48.831103+00:00,true,eastmoney,push2his bulk kline curl fallback after AKShare TLS failure,2026-07-28T06:10:48.831103+00:00,2026-07-28T06:10:48.831103+00:00,2026-07-28
2026-05-11,2026-05-11,healthcare_pharma,healthcare_pharma_etf_flow,512010,Healthcare ETF candidate,0.365,0.371,0.362,0.37,16314244.0,597112048.0,1.09,3.52,,,,,eastmoney,push2his bulk kline curl fallback after AKShare TLS failure,market_history_backfill_v0_10_77,2026-07-28T06:10:48.831103+00:00,true,eastmoney,push2his bulk kline curl fallback after AKShare TLS failure,2026-07-28T06:10:48.831103+00:00,2026-07-28T06:10:48.831103+00:00,2026-07-28
2026-05-11,2026-05-11,real_estate_infra,real_estate_infra_etf_flow,512200,Real estate ETF candidate,1.484,1.524,1.483,1.509,3755143.0,567699510.0,1.41,13.48,,,,,eastmoney,push2his bulk kline curl fallback after AKShare TLS failure,market_history_backfill_v0_10_77,2026-07-28T06:10:48.831103+00:00,true,eastmoney,push2his bulk kline curl fallback after AKShare TLS failure,2026-07-28T06:10:48.831103+00:00,2026-07-28T06:10:48.831103+00:00,2026-07-28
2026-05-11,2026-05-11,resources_materials,resources_materials_etf_flow,512400,Non-ferrous metals ETF candidate,2.199,2.225,2.186,2.208,6728432.0,1483180160.0,0.09,5.28,,,,,eastmoney,push2his bulk kline curl fallback after AKShare TLS failure,market_history_backfill_v0_10_77,2026-07-28T06:10:48.831103+00:00,true,eastmoney,push2his bulk kline curl fallback after AKShare TLS failure,2026-07-28T06:10:48.831103+00:00,2026-07-28T06:10:48.831103+00:00,2026-07-28
2026-05-11,2026-05-11,semiconductor,semiconductor_etf_flow,512480,Semiconductor ETF candidate,1.956,2.032,1.946,2.018,10805356.0,2149649244.0,6.1,5.78,,,,,eastmoney,push2his bulk kline curl fallback after AKShare TLS failure,market_history_backfill_v0_10_77,2026-07-28T06:10:48.831103+00:00,true,eastmoney,push2his bulk kline curl fallback after AKShare TLS failure,2026-07-28T06:10:48.831103+00:00,2026-07-28T06:10:48.831103+00:00,2026-07-28
2026-05-11,2026-05-11,defense_military,defense_military_etf_flow,512660,Defense ETF candidate,1.481,1.495,1.474,1.483,3680330.0,546066958.0,0.61,6.41,,,,,eastmoney,push2his bulk kline curl fallback after AKShare TLS failure,market_history_backfill_v0_10_77,2026-07-28T06:10:48.831103+00:00,true,eastmoney,push2his bulk kline curl fallback after AKShare TLS failure,2026-07-28T06:10:48.831103+00:00,2026-07-28T06:10:48.831103+00:00,2026-07-28
2026-05-11,2026-05-11,bank_insurance,bank_insurance_etf_flow,512800,Bank ETF candidate,0.784,0.785,0.779,0.785,9406006.0,734883824.0,0.0,6.64,,,,,eastmoney,push2his bulk kline curl fallback after AKShare TLS failure,market_history_backfill_v0_10_77,2026-07-28T06:10:48.831103+00:00,true,eastmoney,push2his bulk kline curl fallback after AKShare TLS failure,2026-07-28T06:10:48.831103+00:00,2026-07-28T06:10:48.831103+00:00,2026-07-28
2026-05-11,2026-05-11,new_energy_ev,new_energy_ev_etf_flow,515030,New energy vehicle ETF candidate,2.131,2.151,2.11,2.14,2293144.0,489194372.0,0.38,14.46,,,,,eastmoney,push2his bulk kline curl fallback after AKShare TLS failure,market_history_backfill_v0_10_77,2026-07-28T06:10:48.831103+00:00,true,eastmoney,push2his bulk kline curl fallback after AKShare TLS failure,2026-07-28T06:10:48.831103+00:00,2026-07-28T06:10:48.831103+00:00,2026-07-28
2026-05-11,2026-05-11,communication_electronics,communication_electronics_etf_flow,515880,Communication ETF candidate,1.457,1.486,1.418,1.483,19412800.0,2827476922.0,3.71,2.93,,,,,eastmoney,push2his bulk kline curl fallback after AKShare TLS failure,market_history_backfill_v0_10_77,2026-07-28T06:10:48.831103+00:00,true,eastmoney,push2his bulk kline curl fallback after AKShare TLS failure,2026-07-28T06:10:48.831103+00:00,2026-07-28T06:10:48.831103+00:00,2026-07-28
2026-05-12,2026-05-12,ai_computer,ai_computer_etf_flow,159819,AI ETF candidate,1.95,1.978,1.93,1.96,3474258.0,679248233.716,0.62,3.05,,,,,eastmoney,push2his bulk kline curl fallback after AKShare TLS failure,market_history_backfill_v0_10_77,2026-07-28T06:10:48.831103+00:00,true,eastmoney,push2his bulk kline curl fallback after AKShare TLS failure,2026-07-28T06:10:48.831103+00:00,2026-07-28T06:10:48.831103+00:00,2026-07-28
2026-05-12,2026-05-12,consumer,consumer_etf_flow,159928,Consumer ETF candidate,0.735,0.736,0.723,0.725,5418498.0,394009731.31,-1.49,2.34,,,,,eastmoney,push2his bulk kline curl fallback after AKShare TLS failure,market_history_backfill_v0_10_77,2026-07-28T06:10:48.831103+00:00,true,eastmoney,push2his bulk kline curl fallback after AKShare TLS failure,2026-07-28T06:10:48.831103+00:00,2026-07-28T06:10:48.831103+00:00,2026-07-28
2026-05-12,2026-05-12,brokerage,brokerage_etf_flow,512000,Brokerage ETF candidate,0.524,0.531,0.521,0.527,34537825.0,1818977633.0,0.38,4.54,,,,,eastmoney,push2his bulk kline curl fallback after AKShare TLS failure,market_history_backfill_v0_10_77,2026-07-28T06:10:48.831103+00:00,true,eastmoney,push2his bulk kline curl fallback after AKShare TLS failure,2026-07-28T06:10:48.831103+00:00,2026-07-28T06:10:48.831103+00:00,2026-07-28
2026-05-12,2026-05-12,healthcare_pharma,healthcare_pharma_etf_flow,512010,Healthcare ETF candidate,0.369,0.38,0.367,0.372,25309663.0,942818689.0,0.54,5.46,,,,,eastmoney,push2his bulk kline curl fallback after AKShare TLS failure,market_history_backfill_v0_10_77,2026-07-28T06:10:48.831103+00:00,true,eastmoney,push2his bulk kline curl fallback after AKShare TLS failure,2026-07-28T06:10:48.831103+00:00,2026-07-28T06:10:48.831103+00:00,2026-07-28
2026-05-12,2026-05-12,real_estate_infra,real_estate_infra_etf_flow,512200,Real estate ETF candidate,1.511,1.528,1.493,1.51,2640678.0,398667511.0,0.07,9.48,,,,,eastmoney,push2his bulk kline curl fallback after AKShare TLS failure,market_history_backfill_v0_10_77,2026-07-28T06:10:48.831103+00:00,true,eastmoney,push2his bulk kline curl fallback after AKShare TLS failure,2026-07-28T06:10:48.831103+00:00,2026-07-28T06:10:48.831103+00:00,2026-07-28
2026-05-12,2026-05-12,resources_materials,resources_materials_etf_flow,512400,Non-ferrous metals ETF candidate,2.236,2.249,2.18,2.188,7461637.0,1646195190.0,-0.91,5.86,,,,,eastmoney,push2his bulk kline curl fallback after AKShare TLS failure,market_history_backfill_v0_10_77,2026-07-28T06:10:48.831103+00:00,true,eastmoney,push2his bulk kline curl fallback after AKShare TLS failure,2026-07-28T06:10:48.831103+00:00,2026-07-28T06:10:48.831103+00:00,2026-07-28
2026-05-12,2026-05-12,semiconductor,semiconductor_etf_flow,512480,Semiconductor ETF candidate,2.01,2.05,1.976,2.025,9173728.0,1844524514.0,0.35,4.91,,,,,eastmoney,push2his bulk kline curl fallback after AKShare TLS failure,market_history_backfill_v0_10_77,2026-07-28T06:10:48.831103+00:00,true,eastmoney,push2his bulk kline curl fallback after AKShare TLS failure,2026-07-28T06:10:48.831103+00:00,2026-07-28T06:10:48.831103+00:00,2026-07-28
2026-05-12,2026-05-12,defense_military,defense_military_etf_flow,512660,Defense ETF candidate,1.479,1.485,1.45,1.469,3980638.0,583250767.0,-0.94,6.94,,,,,eastmoney,push2his bulk kline curl fallback after AKShare TLS failure,market_history_backfill_v0_10_77,2026-07-28T06:10:48.831103+00:00,true,eastmoney,push2his bulk kline curl fallback after AKShare TLS failure,2026-07-28T06:10:48.831103+00:00,2026-07-28T06:10:48.831103+00:00,2026-07-28
2026-05-12,2026-05-12,bank_insurance,bank_insurance_etf_flow,512800,Bank ETF candidate,0.784,0.787,0.781,0.782,10565439.0,827303668.0,-0.38,7.46,,,,,eastmoney,push2his bulk kline curl fallback after AKShare TLS failure,market_history_backfill_v0_10_77,2026-07-28T06:10:48.831103+00:00,true,eastmoney,push2his bulk kline curl fallback after AKShare TLS failure,2026-07-28T06:10:48.831103+00:00,2026-07-28T06:10:48.831103+00:00,2026-07-28
2026-05-12,2026-05-12,new_energy_ev,new_energy_ev_etf_flow,515030,New energy vehicle ETF candidate,2.143,2.145,2.08,2.102,1756484.0,369347068.0,-1.78,11.07,,,,,eastmoney,push2his bulk kline curl fallback after AKShare TLS failure,market_history_backfill_v0_10_77,2026-07-28T06:10:48.831103+00:00,true,eastmoney,push2his bulk kline curl fallback after AKShare TLS failure,2026-07-28T06:10:48.831103+00:00,2026-07-28T06:10:48.831103+00:00,2026-07-28
2026-05-12,2026-05-12,communication_electronics,communication_electronics_etf_flow,515880,Communication ETF candidate,1.498,1.523,1.482,1.501,21629859.0,3255198274.0,1.21,3.26,,,,,eastmoney,push2his bulk kline curl fallback after AKShare TLS failure,market_history_backfill_v0_10_77,2026-07-28T06:10:48.831103+00:00,true,eastmoney,push2his bulk kline curl fallback after AKShare TLS failure,2026-07-28T06:10:48.831103+00:00,2026-07-28T06:10:48.831103+00:00,2026-07-28
2026-05-13,2026-05-13,ai_computer,ai_computer_etf_flow,159819,AI ETF candidate,1.931,2.034,1.924,2.033,4306759.0,855082826.472,3.72,3.77,,,,,eastmoney,push2his bulk kline curl fallback after AKShare TLS failure,market_history_backfill_v0_10_77,2026-07-28T06:10:48.831103+00:00,true,eastmoney,push2his bulk kline curl fallback after AKShare TLS failure,2026-07-28T06:10:48.831103+00:00,2026-07-28T06:10:48.831103+00:00,2026-07-28
2026-05-13,2026-05-13,consumer,consumer_etf_flow,159928,Consumer ETF candidate,0.723,0.726,0.716,0.719,3733818.0,268330973.2,-0.83,1.61,,,,,eastmoney,push2his bulk kline curl fallback after AKShare TLS failure,market_history_backfill_v0_10_77,2026-07-28T06:10:48.831103+00:00,true,eastmoney,push2his bulk kline curl fallback after AKShare TLS failure,2026-07-28T06:10:48.831103+00:00,2026-07-28T06:10:48.831103+00:00,2026-07-28
2026-05-13,2026-05-13,brokerage,brokerage_etf_flow,512000,Brokerage ETF candidate,0.524,0.527,0.518,0.523,19877542.0,1036132676.0,-0.76,2.61,,,,,eastmoney,push2his bulk kline curl fallback after AKShare TLS failure,market_history_backfill_v0_10_77,2026-07-28T06:10:48.831103+00:00,true,eastmoney,push2his bulk kline curl fallback after AKShare TLS failure,2026-07-28T06:10:48.831103+00:00,2026-07-28T06:10:48.831103+00:00,2026-07-28
2026-05-13,2026-05-13,healthcare_pharma,healthcare_pharma_etf_flow,512010,Healthcare ETF candidate,0.372,0.373,0.366,0.37,14817387.0,546063990.0,-0.54,3.19,,,,,eastmoney,push2his bulk kline curl fallback after AKShare TLS failure,market_history_backfill_v0_10_77,2026-07-28T06:10:48.831103+00:00,true,eastmoney,push2his bulk kline curl fallback after AKShare TLS failure,2026-07-28T06:10:48.831103+00:00,2026-07-28T06:10:48.831103+00:00,2026-07-28
2026-05-13,2026-05-13,real_estate_infra,real_estate_infra_etf_flow,512200,Real estate ETF candidate,1.505,1.512,1.487,1.491,1270459.0,189714919.0,-1.26,4.56,,,,,eastmoney,push2his bulk kline curl fallback after AKShare TLS failure,market_history_backfill_v0_10_77,2026-07-28T06:10:48.831103+00:00,true,eastmoney,push2his bulk kline curl fallback after AKShare TLS failure,2026-07-28T06:10:48.831103+00:00,2026-07-28T06:10:48.831103+00:00,2026-07-28
2026-05-13,2026-05-13,resources_materials,resources_materials_etf_flow,512400,Non-ferrous metals ETF candidate,2.196,2.226,2.188,2.209,6090579.0,1343985039.0,0.96,4.78,,,,,eastmoney,push2his bulk kline curl fallback after AKShare TLS failure,market_history_backfill_v0_10_77,2026-07-28T06:10:48.831103+00:00,true,eastmoney,push2his bulk kline curl fallback after AKShare TLS failure,2026-07-28T06:10:48.831103+00:00,2026-07-28T06:10:48.831103+00:00,2026-07-28
2026-05-13,2026-05-13,semiconductor,semiconductor_etf_flow,512480,Semiconductor ETF candidate,1.979,2.091,1.96,2.088,9688554.0,1956159779.0,3.11,5.18,,,,,eastmoney,push2his bulk kline curl fallback after AKShare TLS failure,market_history_backfill_v0_10_77,2026-07-28T06:10:48.831103+00:00,true,eastmoney,push2his bulk kline curl fallback after AKShare TLS failure,2026-07-28T06:10:48.831103+00:00,2026-07-28T06:10:48.831103+00:00,2026-07-28
2026-05-13,2026-05-13,defense_military,defense_military_etf_flow,512660,Defense ETF candidate,1.46,1.489,1.455,1.488,3854708.0,568712430.0,1.29,6.72,,,,,eastmoney,push2his bulk kline curl fallback after AKShare TLS failure,market_history_backfill_v0_10_77,2026-07-28T06:10:48.831103+00:00,true,eastmoney,push2his bulk kline curl fallback after AKShare TLS failure,2026-07-28T06:10:48.831103+00:00,2026-07-28T06:10:48.831103+00:00,2026-07-28
2026-05-13,2026-05-13,bank_insurance,bank_insurance_etf_flow,512800,Bank ETF candidate,0.782,0.785,0.779,0.78,9080198.0,709389373.0,-0.26,6.41,,,,,eastmoney,push2his bulk kline curl fallback after AKShare TLS failure,market_history_backfill_v0_10_77,2026-07-28T06:10:48.831103+00:00,true,eastmoney,push2his bulk kline curl fallback after AKShare TLS failure,2026-07-28T06:10:48.831103+00:00,2026-07-28T06:10:48.831103+00:00,2026-07-28
2026-05-13,2026-05-13,new_energy_ev,new_energy_ev_etf_flow,515030,New energy vehicle ETF candidate,2.09,2.107,2.076,2.103,1836410.0,383991242.0,0.05,11.58,,,,,eastmoney,push2his bulk kline curl fallback after AKShare TLS failure,market_history_backfill_v0_10_77,2026-07-28T06:10:48.831103+00:00,true,eastmoney,push2his bulk kline curl fallback after AKShare TLS failure,2026-07-28T06:10:48.831103+00:00,2026-07-28T06:10:48.831103+00:00,2026-07-28
2026-05-13,2026-05-13,communication_electronics,communication_electronics_etf_flow,515880,Communication ETF candidate,1.473,1.558,1.473,1.557,18534526.0,2822650906.0,3.73,2.8,,,,,eastmoney,push2his bulk kline curl fallback after AKShare TLS failure,market_history_backfill_v0_10_77,2026-07-28T06:10:48.831103+00:00,true,eastmoney,push2his bulk kline curl fallback after AKShare TLS failure,2026-07-28T06:10:48.831103+00:00,2026-07-28T06:10:48.831103+00:00,2026-07-28
2026-05-14,2026-05-14,ai_computer,ai_computer_etf_flow,159819,AI ETF candidate,2.07,2.076,1.98,1.995,4965905.0,1002960736.845,-1.87,4.35,,,,,eastmoney,push2his bulk kline curl fallback after AKShare TLS failure,market_history_backfill_v0_10_77,2026-07-28T06:10:48.831103+00:00,true,eastmoney,push2his bulk kline curl fallback after AKShare TLS failure,2026-07-28T06:10:48.831103+00:00,2026-07-28T06:10:48.831103+00:00,2026-07-28
2026-05-14,2026-05-14,consumer,consumer_etf_flow,159928,Consumer ETF candidate,0.72,0.732,0.716,0.72,6068319.0,438236037.24,0.14,2.62,,,,,eastmoney,push2his bulk kline curl fallback after AKShare TLS failure,market_history_backfill_v0_10_77,2026-07-28T06:10:48.831103+00:00,true,eastmoney,push2his bulk kline curl fallback after AKShare TLS failure,2026-07-28T06:10:48.831103+00:00,2026-07-28T06:10:48.831103+00:00,2026-07-28
2026-05-14,2026-05-14,brokerage,brokerage_etf_flow,512000,Brokerage ETF candidate,0.524,0.526,0.512,0.512,21040314.0,1090948608.0,-2.1,2.77,,,,,eastmoney,push2his bulk kline curl fallback after AKShare TLS failure,market_history_backfill_v0_10_77,2026-07-28T06:10:48.831103+00:00,true,eastmoney,push2his bulk kline curl fallback after AKShare TLS failure,2026-07-28T06:10:48.831103+00:00,2026-07-28T06:10:48.831103+00:00,2026-07-28
2026-05-14,2026-05-14,healthcare_pharma,healthcare_pharma_etf_flow,512010,Healthcare ETF candidate,0.369,0.373,0.359,0.36,22967470.0,835597006.0,-2.7,4.95,,,,,eastmoney,push2his bulk kline curl fallback after AKShare TLS failure,market_history_backfill_v0_10_77,2026-07-28T06:10:48.831103+00:00,true,eastmoney,push2his bulk kline curl fallback after AKShare TLS failure,2026-07-28T06:10:48.831103+00:00,2026-07-28T06:10:48.831103+00:00,2026-07-28
2026-05-14,2026-05-14,real_estate_infra,real_estate_infra_etf_flow,512200,Real estate ETF candidate,1.496,1.503,1.456,1.456,1045031.0,153923365.0,-2.35,3.75,,,,,eastmoney,push2his bulk kline curl fallback after AKShare TLS failure,market_history_backfill_v0_10_77,2026-07-28T06:10:48.831103+00:00,true,eastmoney,push2his bulk kline curl fallback after AKShare TLS failure,2026-07-28T06:10:48.831103+00:00,2026-07-28T06:10:48.831103+00:00,2026-07-28
2026-05-14,2026-05-14,resources_materials,resources_materials_etf_flow,512400,Non-ferrous metals ETF candidate,2.199,2.209,2.128,2.13,6221129.0,1345276196.0,-3.58,4.89,,,,,eastmoney,push2his bulk kline curl fallback after AKShare TLS failure,market_history_backfill_v0_10_77,2026-07-28T06:10:48.831103+00:00,true,eastmoney,push2his bulk kline curl fallback after AKShare TLS failure,2026-07-28T06:10:48.831103+00:00,2026-07-28T06:10:48.831103+00:00,2026-07-28
2026-05-14,2026-05-14,semiconductor,semiconductor_etf_flow,512480,Semiconductor ETF candidate,2.105,2.121,2.041,2.043,8772967.0,1824684056.0,-2.16,4.69,,,,,eastmoney,push2his bulk kline curl fallback after AKShare TLS failure,market_history_backfill_v0_10_77,2026-07-28T06:10:48.831103+00:00,true,eastmoney,push2his bulk kline curl fallback after AKShare TLS failure,2026-07-28T06:10:48.831103+00:00,2026-07-28T06:10:48.831103+00:00,2026-07-28
2026-05-14,2026-05-14,defense_military,defense_military_etf_flow,512660,Defense ETF candidate,1.488,1.491,1.418,1.419,4122822.0,596307538.0,-4.64,7.19,,,,,eastmoney,push2his bulk kline curl fallback after AKShare TLS failure,market_history_backfill_v0_10_77,2026-07-28T06:10:48.831103+00:00,true,eastmoney,push2his bulk kline curl fallback after AKShare TLS failure,2026-07-28T06:10:48.831103+00:00,2026-07-28T06:10:48.831103+00:00,2026-07-28
2026-05-14,2026-05-14,bank_insurance,bank_insurance_etf_flow,512800,Bank ETF candidate,0.78,0.786,0.778,0.784,9626540.0,753770104.0,0.51,6.8,,,,,eastmoney,push2his bulk kline curl fallback after AKShare TLS failure,market_history_backfill_v0_10_77,2026-07-28T06:10:48.831103+00:00,true,eastmoney,push2his bulk kline curl fallback after AKShare TLS failure,2026-07-28T06:10:48.831103+00:00,2026-07-28T06:10:48.831103+00:00,2026-07-28
2026-05-14,2026-05-14,new_energy_ev,new_energy_ev_etf_flow,515030,New energy vehicle ETF candidate,2.104,2.109,2.036,2.037,2013927.0,417303773.0,-3.14,12.7,,,,,eastmoney,push2his bulk kline curl fallback after AKShare TLS failure,market_history_backfill_v0_10_77,2026-07-28T06:10:48.831103+00:00,true,eastmoney,push2his bulk kline curl fallback after AKShare TLS failure,2026-07-28T06:10:48.831103+00:00,2026-07-28T06:10:48.831103+00:00,2026-07-28
2026-05-14,2026-05-14,communication_electronics,communication_electronics_etf_flow,515880,Communication ETF candidate,1.583,1.59,1.526,1.544,24101120.0,3747317573.0,-0.83,3.64,,,,,eastmoney,push2his bulk kline curl fallback after AKShare TLS failure,market_history_backfill_v0_10_77,2026-07-28T06:10:48.831103+00:00,true,eastmoney,push2his bulk kline curl fallback after AKShare TLS failure,2026-07-28T06:10:48.831103+00:00,2026-07-28T06:10:48.831103+00:00,2026-07-28
2026-05-15,2026-05-15,ai_computer,ai_computer_etf_flow,159819,AI ETF candidate,1.984,2.02,1.93,1.943,5782813.0,1138632818.698,-2.61,5.07,,,,,eastmoney,push2his bulk kline curl fallback after AKShare TLS failure,market_history_backfill_v0_10_77,2026-07-28T06:10:48.831103+00:00,true,eastmoney,push2his bulk kline curl fallback after AKShare TLS failure,2026-07-28T06:10:48.831103+00:00,2026-07-28T06:10:48.831103+00:00,2026-07-28
2026-05-15,2026-05-15,consumer,consumer_etf_flow,159928,Consumer ETF candidate,0.719,0.72,0.706,0.708,4917825.0,349516586.5,-1.67,2.13,,,,,eastmoney,push2his bulk kline curl fallback after AKShare TLS failure,market_history_backfill_v0_10_77,2026-07-28T06:10:48.831103+00:00,true,eastmoney,push2his bulk kline curl fallback after AKShare TLS failure,2026-07-28T06:10:48.831103+00:00,2026-07-28T06:10:48.831103+00:00,2026-07-28
2026-05-15,2026-05-15,brokerage,brokerage_etf_flow,512000,Brokerage ETF candidate,0.512,0.513,0.499,0.501,25239999.0,1276229561.0,-2.15,3.32,,,,,eastmoney,push2his bulk kline curl fallback after AKShare TLS failure,market_history_backfill_v0_10_77,2026-07-28T06:10:48.831103+00:00,true,eastmoney,push2his bulk kline curl fallback after AKShare TLS failure,2026-07-28T06:10:48.831103+00:00,2026-07-28T06:10:48.831103+00:00,2026-07-28
2026-05-15,2026-05-15,healthcare_pharma,healthcare_pharma_etf_flow,512010,Healthcare ETF candidate,0.359,0.363,0.355,0.356,14754546.0,528988875.0,-1.11,3.18,,,,,eastmoney,push2his bulk kline curl fallback after AKShare TLS failure,market_history_backfill_v0_10_77,2026-07-28T06:10:48.831103+00:00,true,eastmoney,push2his bulk kline curl fallback after AKShare TLS failure,2026-07-28T06:10:48.831103+00:00,2026-07-28T06:10:48.831103+00:00,2026-07-28
2026-05-15,2026-05-15,real_estate_infra,real_estate_infra_etf_flow,512200,Real estate ETF candidate,1.451,1.462,1.424,1.433,1553650.0,224056219.0,-1.58,5.58,,,,,eastmoney,push2his bulk kline curl fallback after AKShare TLS failure,market_history_backfill_v0_10_77,2026-07-28T06:10:48.831103+00:00,true,eastmoney,push2his bulk kline curl fallback after AKShare TLS failure,2026-07-28T06:10:48.831103+00:00,2026-07-28T06:10:48.831103+00:00,2026-07-28
2026-05-15,2026-05-15,resources_materials,resources_materials_etf_flow,512400,Non-ferrous metals ETF candidate,2.105,2.11,2.025,2.039,7084865.0,1459357359.0,-4.27,5.56,,,,,eastmoney,push2his bulk kline curl fallback after AKShare TLS failure,market_history_backfill_v0_10_77,2026-07-28T06:10:48.831103+00:00,true,eastmoney,push2his bulk kline curl fallback after AKShare TLS failure,2026-07-28T06:10:48.831103+00:00,2026-07-28T06:10:48.831103+00:00,2026-07-28
2026-05-15,2026-05-15,semiconductor,semiconductor_etf_flow,512480,Semiconductor ETF candidate,2.034,2.124,1.982,2.035,13675723.0,2790561832.0,-0.39,7.31,,,,,eastmoney,push2his bulk kline curl fallback after AKShare TLS failure,market_history_backfill_v0_10_77,2026-07-28T06:10:48.831103+00:00,true,eastmoney,push2his bulk kline curl fallback after AKShare TLS failure,2026-07-28T06:10:48.831103+00:00,2026-07-28T06:10:48.831103+00:00,2026-07-28
2026-05-15,2026-05-15,defense_military,defense_military_etf_flow,512660,Defense ETF candidate,1.416,1.431,1.375,1.385,4173421.0,582815956.0,-2.4,7.27,,,,,eastmoney,push2his bulk kline curl fallback after AKShare TLS failure,market_history_backfill_v0_10_77,2026-07-28T06:10:48.831103+00:00,true,eastmoney,push2his bulk kline curl fallback after AKShare TLS failure,2026-07-28T06:10:48.831103+00:00,2026-07-28T06:10:48.831103+00:00,2026-07-28
2026-05-15,2026-05-15,bank_insurance,bank_insurance_etf_flow,512800,Bank ETF candidate,0.782,0.786,0.777,0.779,9407285.0,734447746.0,-0.64,6.65,,,,,eastmoney,push2his bulk kline curl fallback after AKShare TLS failure,market_history_backfill_v0_10_77,2026-07-28T06:10:48.831103+00:00,true,eastmoney,push2his bulk kline curl fallback after AKShare TLS failure,2026-07-28T06:10:48.831103+00:00,2026-07-28T06:10:48.831103+00:00,2026-07-28
2026-05-15,2026-05-15,new_energy_ev,new_energy_ev_etf_flow,515030,New energy vehicle ETF candidate,2.031,2.074,2.02,2.034,3015777.0,615381016.0,-0.15,19.01,,,,,eastmoney,push2his bulk kline curl fallback after AKShare TLS failure,market_history_backfill_v0_10_77,2026-07-28T06:10:48.831103+00:00,true,eastmoney,push2his bulk kline curl fallback after AKShare TLS failure,2026-07-28T06:10:48.831103+00:00,2026-07-28T06:10:48.831103+00:00,2026-07-28
2026-05-15,2026-05-15,communication_electronics,communication_electronics_etf_flow,515880,Communication ETF candidate,1.545,1.565,1.47,1.5,28876501.0,4359051911.0,-2.85,4.36,,,,,eastmoney,push2his bulk kline curl fallback after AKShare TLS failure,market_history_backfill_v0_10_77,2026-07-28T06:10:48.831103+00:00,true,eastmoney,push2his bulk kline curl fallback after AKShare TLS failure,2026-07-28T06:10:48.831103+00:00,2026-07-28T06:10:48.831103+00:00,2026-07-28
2026-05-18,2026-05-18,ai_computer,ai_computer_etf_flow,159819,AI ETF candidate,1.928,1.995,1.928,1.96,3990005.0,784268121.7,0.87,3.5,,,,,eastmoney,push2his bulk kline curl fallback after AKShare TLS failure,market_history_backfill_v0_10_77,2026-07-28T06:10:48.831103+00:00,true,eastmoney,push2his bulk kline curl fallback after AKShare TLS failure,2026-07-28T06:10:48.831103+00:00,2026-07-28T06:10:48.831103+00:00,2026-07-28
2026-05-18,2026-05-18,consumer,consumer_etf_flow,159928,Consumer ETF candidate,0.709,0.71,0.698,0.7,3808660.0,267032915.3,-1.13,1.65,,,,,eastmoney,push2his bulk kline curl fallback after AKShare TLS failure,market_history_backfill_v0_10_77,2026-07-28T06:10:48.831103+00:00,true,eastmoney,push2his bulk kline curl fallback after AKShare TLS failure,2026-07-28T06:10:48.831103+00:00,2026-07-28T06:10:48.831103+00:00,2026-07-28
2026-05-18,2026-05-18,brokerage,brokerage_etf_flow,512000,Brokerage ETF candidate,0.5,0.505,0.497,0.5,17429035.0,872744169.0,-0.2,2.29,,,,,eastmoney,push2his bulk kline curl fallback after AKShare TLS failure,market_history_backfill_v0_10_77,2026-07-28T06:10:48.831103+00:00,true,eastmoney,push2his bulk kline curl fallback after AKShare TLS failure,2026-07-28T06:10:48.831103+00:00,2026-07-28T06:10:48.831103+00:00,2026-07-28
2026-05-18,2026-05-18,healthcare_pharma,healthcare_pharma_etf_flow,512010,Healthcare ETF candidate,0.355,0.356,0.347,0.349,17372889.0,608442590.0,-1.97,3.74,,,,,eastmoney,push2his bulk kline curl fallback after AKShare TLS failure,market_history_backfill_v0_10_77,2026-07-28T06:10:48.831103+00:00,true,eastmoney,push2his bulk kline curl fallback after AKShare TLS failure,2026-07-28T06:10:48.831103+00:00,2026-07-28T06:10:48.831103+00:00,2026-07-28
2026-05-18,2026-05-18,real_estate_infra,real_estate_infra_etf_flow,512200,Real estate ETF candidate,1.422,1.433,1.404,1.415,1600702.0,226161589.0,-1.26,5.75,,,,,eastmoney,push2his bulk kline curl fallback after AKShare TLS failure,market_history_backfill_v0_10_77,2026-07-28T06:10:48.831103+00:00,true,eastmoney,push2his bulk kline curl fallback after AKShare TLS failure,2026-07-28T06:10:48.831103+00:00,2026-07-28T06:10:48.831103+00:00,2026-07-28
2026-05-18,2026-05-18,resources_materials,resources_materials_etf_flow,512400,Non-ferrous metals ETF candidate,1.99,2.017,1.973,2.009,5219627.0,1043510007.0,-1.47,4.1,,,,,eastmoney,push2his bulk kline curl fallback after AKShare TLS failure,market_history_backfill_v0_10_77,2026-07-28T06:10:48.831103+00:00,true,eastmoney,push2his bulk kline curl fallback after AKShare TLS failure,2026-07-28T06:10:48.831103+00:00,2026-07-28T06:10:48.831103+00:00,2026-07-28
2026-05-18,2026-05-18,semiconductor,semiconductor_etf_flow,512480,Semiconductor ETF candidate,2.035,2.111,2.029,2.058,8870419.0,1837568504.0,1.13,4.74,,,,,eastmoney,push2his bulk kline curl fallback after AKShare TLS failure,market_history_backfill_v0_10_77,2026-07-28T06:10:48.831103+00:00,true,eastmoney,push2his bulk kline curl fallback after AKShare TLS failure,2026-07-28T06:10:48.831103+00:00,2026-07-28T06:10:48.831103+00:00,2026-07-28
2026-05-18,2026-05-18,defense_military,defense_military_etf_flow,512660,Defense ETF candidate,1.374,1.398,1.367,1.375,3021044.0,417520054.0,-0.72,5.26,,,,,eastmoney,push2his bulk kline curl fallback after AKShare TLS failure,market_history_backfill_v0_10_77,2026-07-28T06:10:48.831103+00:00,true,eastmoney,push2his bulk kline curl fallback after AKShare TLS failure,2026-07-28T06:10:48.831103+00:00,2026-07-28T06:10:48.831103+00:00,2026-07-28
2026-05-18,2026-05-18,bank_insurance,bank_insurance_etf_flow,512800,Bank ETF candidate,0.777,0.778,0.769,0.771,7938859.0,612810654.0,-1.03,5.61,,,,,eastmoney,push2his bulk kline curl fallback after AKShare TLS failure,market_history_backfill_v0_10_77,2026-07-28T06:10:48.831103+00:00,true,eastmoney,push2his bulk kline curl fallback after AKShare TLS failure,2026-07-28T06:10:48.831103+00:00,2026-07-28T06:10:48.831103+00:00,2026-07-28
2026-05-18,2026-05-18,new_energy_ev,new_energy_ev_etf_flow,515030,New energy vehicle ETF candidate,2.02,2.054,2.003,2.033,1267964.0,257991057.0,-0.05,7.99,,,,,eastmoney,push2his bulk kline curl fallback after AKShare TLS failure,market_history_backfill_v0_10_77,2026-07-28T06:10:48.831103+00:00,true,eastmoney,push2his bulk kline curl fallback after AKShare TLS failure,2026-07-28T06:10:48.831103+00:00,2026-07-28T06:10:48.831103+00:00,2026-07-28
2026-05-18,2026-05-18,communication_electronics,communication_electronics_etf_flow,515880,Communication ETF candidate,1.475,1.54,1.475,1.517,19275662.0,2920773761.0,1.13,2.91,,,,,eastmoney,push2his bulk kline curl fallback after AKShare TLS failure,market_history_backfill_v0_10_77,2026-07-28T06:10:48.831103+00:00,true,eastmoney,push2his bulk kline curl fallback after AKShare TLS failure,2026-07-28T06:10:48.831103+00:00,2026-07-28T06:10:48.831103+00:00,2026-07-28
2026-05-19,2026-05-19,ai_computer,ai_computer_etf_flow,159819,AI ETF candidate,1.952,2.0,1.904,1.993,4040826.0,787728729.372,1.68,3.54,,,,,eastmoney,push2his bulk kline curl fallback after AKShare TLS failure,market_history_backfill_v0_10_77,2026-07-28T06:10:48.831103+00:00,true,eastmoney,push2his bulk kline curl fallback after AKShare TLS failure,2026-07-28T06:10:48.831103+00:00,2026-07-28T06:10:48.831103+00:00,2026-07-28
2026-05-19,2026-05-19,consumer,consumer_etf_flow,159928,Consumer ETF candidate,0.7,0.707,0.696,0.7,2946993.0,206474514.8,0.0,1.27,,,,,eastmoney,push2his bulk kline curl fallback after AKShare TLS failure,market_history_backfill_v0_10_77,2026-07-28T06:10:48.831103+00:00,true,eastmoney,push2his bulk kline curl fallback after AKShare TLS failure,2026-07-28T06:10:48.831103+00:00,2026-07-28T06:10:48.831103+00:00,2026-07-28
2026-05-19,2026-05-19,brokerage,brokerage_etf_flow,512000,Brokerage ETF candidate,0.501,0.506,0.496,0.505,21177952.0,1060488266.0,1.0,2.78,,,,,eastmoney,push2his bulk kline curl fallback after AKShare TLS failure,market_history_backfill_v0_10_77,2026-07-28T06:10:48.831103+00:00,true,eastmoney,push2his bulk kline curl fallback after AKShare TLS failure,2026-07-28T06:10:48.831103+00:00,2026-07-28T06:10:48.831103+00:00,2026-07-28
2026-05-19,2026-05-19,healthcare_pharma,healthcare_pharma_etf_flow,512010,Healthcare ETF candidate,0.349,0.353,0.346,0.349,14328192.0,499921925.0,0.0,3.09,,,,,eastmoney,push2his bulk kline curl fallback after AKShare TLS failure,market_history_backfill_v0_10_77,2026-07-28T06:10:48.831103+00:00,true,eastmoney,push2his bulk kline curl fallback after AKShare TLS failure,2026-07-28T06:10:48.831103+00:00,2026-07-28T06:10:48.831103+00:00,2026-07-28
2026-05-19,2026-05-19,real_estate_infra,real_estate_infra_etf_flow,512200,Real estate ETF candidate,1.414,1.428,1.403,1.426,2065369.0,292052672.0,0.78,7.41,,,,,eastmoney,push2his bulk kline curl fallback after AKShare TLS failure,market_history_backfill_v0_10_77,2026-07-28T06:10:48.831103+00:00,true,eastmoney,push2his bulk kline curl fallback after AKShare TLS failure,2026-07-28T06:10:48.831103+00:00,2026-07-28T06:10:48.831103+00:00,2026-07-28
2026-05-19,2026-05-19,resources_materials,resources_materials_etf_flow,512400,Non-ferrous metals ETF candidate,2.006,2.006,1.942,1.981,4130930.0,812731964.0,-1.39,3.24,,,,,eastmoney,push2his bulk kline curl fallback after AKShare TLS failure,market_history_backfill_v0_10_77,2026-07-28T06:10:48.831103+00:00,true,eastmoney,push2his bulk kline curl fallback after AKShare TLS failure,2026-07-28T06:10:48.831103+00:00,2026-07-28T06:10:48.831103+00:00,2026-07-28
2026-05-19,2026-05-19,semiconductor,semiconductor_etf_flow,512480,Semiconductor ETF candidate,2.031,2.132,1.992,2.131,12149503.0,2492152064.0,3.55,6.5,,,,,eastmoney,push2his bulk kline curl fallback after AKShare TLS failure,market_history_backfill_v0_10_77,2026-07-28T06:10:48.831103+00:00,true,eastmoney,push2his bulk kline curl fallback after AKShare TLS failure,2026-07-28T06:10:48.831103+00:00,2026-07-28T06:10:48.831103+00:00,2026-07-28
2026-05-19,2026-05-19,defense_military,defense_military_etf_flow,512660,Defense ETF candidate,1.376,1.377,1.344,1.377,2263655.0,308253513.0,0.15,3.94,,,,,eastmoney,push2his bulk kline curl fallback after AKShare TLS failure,market_history_backfill_v0_10_77,2026-07-28T06:10:48.831103+00:00,true,eastmoney,push2his bulk kline curl fallback after AKShare TLS failure,2026-07-28T06:10:48.831103+00:00,2026-07-28T06:10:48.831103+00:00,2026-07-28
2026-05-19,2026-05-19,bank_insurance,bank_insurance_etf_flow,512800,Bank ETF candidate,0.771,0.781,0.77,0.775,6209133.0,482233398.0,0.52,4.39,,,,,eastmoney,push2his bulk kline curl fallback after AKShare TLS failure,market_history_backfill_v0_10_77,2026-07-28T06:10:48.831103+00:00,true,eastmoney,push2his bulk kline curl fallback after AKShare TLS failure,2026-07-28T06:10:48.831103+00:00,2026-07-28T06:10:48.831103+00:00,2026-07-28
2026-05-19,2026-05-19,new_energy_ev,new_energy_ev_etf_flow,515030,New energy vehicle ETF candidate,2.022,2.031,1.986,2.026,1192173.0,239212831.0,-0.34,7.52,,,,,eastmoney,push2his bulk kline curl fallback after AKShare TLS failure,market_history_backfill_v0_10_77,2026-07-28T06:10:48.831103+00:00,true,eastmoney,push2his bulk kline curl fallback after AKShare TLS failure,2026-07-28T06:10:48.831103+00:00,2026-07-28T06:10:48.831103+00:00,2026-07-28
2026-05-19,2026-05-19,communication_electronics,communication_electronics_etf_flow,515880,Communication ETF candidate,1.502,1.516,1.442,1.511,23111881.0,3414905295.0,-0.4,3.49,,,,,eastmoney,push2his bulk kline curl fallback after AKShare TLS failure,market_history_backfill_v0_10_77,2026-07-28T06:10:48.831103+00:00,true,eastmoney,push2his bulk kline curl fallback after AKShare TLS failure,2026-07-28T06:10:48.831103+00:00,2026-07-28T06:10:48.831103+00:00,2026-07-28
2026-05-20,2026-05-20,ai_computer,ai_computer_etf_flow,159819,AI ETF candidate,1.984,2.029,1.976,2.002,3898330.0,780460327.604,0.45,3.42,,,,,eastmoney,push2his bulk kline curl fallback after AKShare TLS failure,market_history_backfill_v0_10_77,2026-07-28T06:10:48.831103+00:00,true,eastmoney,push2his bulk kline curl fallback after AKShare TLS failure,2026-07-28T06:10:48.831103+00:00,2026-07-28T06:10:48.831103+00:00,2026-07-28
2026-05-20,2026-05-20,consumer,consumer_etf_flow,159928,Consumer ETF candidate,0.699,0.705,0.696,0.699,2999556.0,209890839.476,-0.14,1.3,,,,,eastmoney,push2his bulk kline curl fallback after AKShare TLS failure,market_history_backfill_v0_10_77,2026-07-28T06:10:48.831103+00:00,true,eastmoney,push2his bulk kline curl fallback after AKShare TLS failure,2026-07-28T06:10:48.831103+00:00,2026-07-28T06:10:48.831103+00:00,2026-07-28
2026-05-20,2026-05-20,brokerage,brokerage_etf_flow,512000,Brokerage ETF candidate,0.502,0.506,0.5,0.501,17282824.0,867681094.0,-0.79,2.27,,,,,eastmoney,push2his bulk kline curl fallback after AKShare TLS failure,market_history_backfill_v0_10_77,2026-07-28T06:10:48.831103+00:00,true,eastmoney,push2his bulk kline curl fallback after AKShare TLS failure,2026-07-28T06:10:48.831103+00:00,2026-07-28T06:10:48.831103+00:00,2026-07-28
2026-05-20,2026-05-20,healthcare_pharma,healthcare_pharma_etf_flow,512010,Healthcare ETF candidate,0.348,0.349,0.343,0.347,13692261.0,473414369.0,-0.57,2.95,,,,,eastmoney,push2his bulk kline curl fallback after AKShare TLS failure,market_history_backfill_v0_10_77,2026-07-28T06:10:48.831103+00:00,true,eastmoney,push2his bulk kline curl fallback after AKShare TLS failure,2026-07-28T06:10:48.831103+00:00,2026-07-28T06:10:48.831103+00:00,2026-07-28
2026-05-20,2026-05-20,real_estate_infra,real_estate_infra_etf_flow,512200,Real estate ETF candidate,1.417,1.423,1.399,1.416,1345576.0,190036494.0,-0.7,4.83,,,,,eastmoney,push2his bulk kline curl fallback after AKShare TLS failure,market_history_backfill_v0_10_77,2026-07-28T06:10:48.831103+00:00,true,eastmoney,push2his bulk kline curl fallback after AKShare TLS failure,2026-07-28T06:10:48.831103+00:00,2026-07-28T06:10:48.831103+00:00,2026-07-28
2026-05-20,2026-05-20,resources_materials,resources_materials_etf_flow,512400,Non-ferrous metals ETF candidate,1.95,2.0,1.931,1.985,5014681.0,984714161.0,0.2,3.94,,,,,eastmoney,push2his bulk kline curl fallback after AKShare TLS failure,market_history_backfill_v0_10_77,2026-07-28T06:10:48.831103+00:00,true,eastmoney,push2his bulk kline curl fallback after AKShare TLS failure,2026-07-28T06:10:48.831103+00:00,2026-07-28T06:10:48.831103+00:00,2026-07-28
2026-05-20,2026-05-20,semiconductor,semiconductor_etf_flow,512480,Semiconductor ETF candidate,2.118,2.228,2.116,2.227,9620483.0,2105719137.0,4.5,5.15,,,,,eastmoney,push2his bulk kline curl fallback after AKShare TLS failure,market_history_backfill_v0_10_77,2026-07-28T06:10:48.831103+00:00,true,eastmoney,push2his bulk kline curl fallback after AKShare TLS failure,2026-07-28T06:10:48.831103+00:00,2026-07-28T06:10:48.831103+00:00,2026-07-28
2026-05-20,2026-05-20,defense_military,defense_military_etf_flow,512660,Defense ETF candidate,1.371,1.379,1.36,1.371,1565752.0,214378900.0,-0.44,2.73,,,,,eastmoney,push2his bulk kline curl fallback after AKShare TLS failure,market_history_backfill_v0_10_77,2026-07-28T06:10:48.831103+00:00,true,eastmoney,push2his bulk kline curl fallback after AKShare TLS failure,2026-07-28T06:10:48.831103+00:00,2026-07-28T06:10:48.831103+00:00,2026-07-28
2026-05-20,2026-05-20,bank_insurance,bank_insurance_etf_flow,512800,Bank ETF candidate,0.775,0.776,0.767,0.768,10053150.0,775146335.0,-0.9,7.1,,,,,eastmoney,push2his bulk kline curl fallback after AKShare TLS failure,market_history_backfill_v0_10_77,2026-07-28T06:10:48.831103+00:00,true,eastmoney,push2his bulk kline curl fallback after AKShare TLS failure,2026-07-28T06:10:48.831103+00:00,2026-07-28T06:10:48.831103+00:00,2026-07-28
2026-05-20,2026-05-20,new_energy_ev,new_energy_ev_etf_flow,515030,New energy vehicle ETF candidate,2.01,2.074,2.0,2.057,1200294.0,242824385.0,1.53,7.57,,,,,eastmoney,push2his bulk kline curl fallback after AKShare TLS failure,market_history_backfill_v0_10_77,2026-07-28T06:10:48.831103+00:00,true,eastmoney,push2his bulk kline curl fallback after AKShare TLS failure,2026-07-28T06:10:48.831103+00:00,2026-07-28T06:10:48.831103+00:00,2026-07-28
2026-05-20,2026-05-20,communication_electronics,communication_electronics_etf_flow,515880,Communication ETF candidate,1.491,1.532,1.491,1.517,21820211.0,3303719585.0,0.4,3.29,,,,,eastmoney,push2his bulk kline curl fallback after AKShare TLS failure,market_history_backfill_v0_10_77,2026-07-28T06:10:48.831103+00:00,true,eastmoney,push2his bulk kline curl fallback after AKShare TLS failure,2026-07-28T06:10:48.831103+00:00,2026-07-28T06:10:48.831103+00:00,2026-07-28
2026-05-21,2026-05-21,ai_computer,ai_computer_etf_flow,159819,AI ETF candidate,2.029,2.039,1.925,1.93,5150313.0,1025906406.654,-3.6,4.51,,,,,eastmoney,push2his bulk kline curl fallback after AKShare TLS failure,market_history_backfill_v0_10_77,2026-07-28T06:10:48.831103+00:00,true,eastmoney,push2his bulk kline curl fallback after AKShare TLS failure,2026-07-28T06:10:48.831103+00:00,2026-07-28T06:10:48.831103+00:00,2026-07-28
2026-05-21,2026-05-21,consumer,consumer_etf_flow,159928,Consumer ETF candidate,0.698,0.705,0.69,0.69,4238709.0,295642709.6,-1.29,1.83,,,,,eastmoney,push2his bulk kline curl fallback after AKShare TLS failure,market_history_backfill_v0_10_77,2026-07-28T06:10:48.831103+00:00,true,eastmoney,push2his bulk kline curl fallback after AKShare TLS failure,2026-07-28T06:10:48.831103+00:00,2026-07-28T06:10:48.831103+00:00,2026-07-28
2026-05-21,2026-05-21,brokerage,brokerage_etf_flow,512000,Brokerage ETF candidate,0.505,0.522,0.502,0.503,42955206.0,2209897538.0,0.4,5.65,,,,,eastmoney,push2his bulk kline curl fallback after AKShare TLS failure,market_history_backfill_v0_10_77,2026-07-28T06:10:48.831103+00:00,true,eastmoney,push2his bulk kline curl fallback after AKShare TLS failure,2026-07-28T06:10:48.831103+00:00,2026-07-28T06:10:48.831103+00:00,2026-07-28
2026-05-21,2026-05-21,healthcare_pharma,healthcare_pharma_etf_flow,512010,Healthcare ETF candidate,0.347,0.357,0.346,0.349,20179019.0,712053579.0,0.58,4.35,,,,,eastmoney,push2his bulk kline curl fallback after AKShare TLS failure,market_history_backfill_v0_10_77,2026-07-28T06:10:48.831103+00:00,true,eastmoney,push2his bulk kline curl fallback after AKShare TLS failure,2026-07-28T06:10:48.831103+00:00,2026-07-28T06:10:48.831103+00:00,2026-07-28
2026-05-21,2026-05-21,real_estate_infra,real_estate_infra_etf_flow,512200,Real estate ETF candidate,1.413,1.427,1.362,1.364,1059394.0,147509404.0,-3.67,3.8,,,,,eastmoney,push2his bulk kline curl fallback after AKShare TLS failure,market_history_backfill_v0_10_77,2026-07-28T06:10:48.831103+00:00,true,eastmoney,push2his bulk kline curl fallback after AKShare TLS failure,2026-07-28T06:10:48.831103+00:00,2026-07-28T06:10:48.831103+00:00,2026-07-28
2026-05-21,2026-05-21,resources_materials,resources_materials_etf_flow,512400,Non-ferrous metals ETF candidate,2.007,2.036,1.943,1.947,5406835.0,1081639563.0,-1.91,4.25,,,,,eastmoney,push2his bulk kline curl fallback after AKShare TLS failure,market_history_backfill_v0_10_77,2026-07-28T06:10:48.831103+00:00,true,eastmoney,push2his bulk kline curl fallback after AKShare TLS failure,2026-07-28T06:10:48.831103+00:00,2026-07-28T06:10:48.831103+00:00,2026-07-28
2026-05-21,2026-05-21,semiconductor,semiconductor_etf_flow,512480,Semiconductor ETF candidate,2.266,2.298,2.121,2.132,11650602.0,2590845984.0,-4.27,6.23,,,,,eastmoney,push2his bulk kline curl fallback after AKShare TLS failure,market_history_backfill_v0_10_77,2026-07-28T06:10:48.831103+00:00,true,eastmoney,push2his bulk kline curl fallback after AKShare TLS failure,2026-07-28T06:10:48.831103+00:00,2026-07-28T06:10:48.831103+00:00,2026-07-28
2026-05-21,2026-05-21,defense_military,defense_military_etf_flow,512660,Defense ETF candidate,1.379,1.397,1.335,1.337,2612177.0,358718834.0,-2.48,4.55,,,,,eastmoney,push2his bulk kline curl fallback after AKShare TLS failure,market_history_backfill_v0_10_77,2026-07-28T06:10:48.831103+00:00,true,eastmoney,push2his bulk kline curl fallback after AKShare TLS failure,2026-07-28T06:10:48.831103+00:00,2026-07-28T06:10:48.831103+00:00,2026-07-28
2026-05-21,2026-05-21,bank_insurance,bank_insurance_etf_flow,512800,Bank ETF candidate,0.768,0.774,0.765,0.771,10311750.0,794295986.0,0.39,7.28,,,,,eastmoney,push2his bulk kline curl fallback after AKShare TLS failure,market_history_backfill_v0_10_77,2026-07-28T06:10:48.831103+00:00,true,eastmoney,push2his bulk kline curl fallback after AKShare TLS failure,2026-07-28T06:10:48.831103+00:00,2026-07-28T06:10:48.831103+00:00,2026-07-28
2026-05-21,2026-05-21,new_energy_ev,new_energy_ev_etf_flow,515030,New energy vehicle ETF candidate,2.075,2.103,2.021,2.026,1259135.0,261334895.0,-1.51,7.94,,,,,eastmoney,push2his bulk kline curl fallback after AKShare TLS failure,market_history_backfill_v0_10_77,2026-07-28T06:10:48.831103+00:00,true,eastmoney,push2his bulk kline curl fallback after AKShare TLS failure,2026-07-28T06:10:48.831103+00:00,2026-07-28T06:10:48.831103+00:00,2026-07-28
2026-05-21,2026-05-21,communication_electronics,communication_electronics_etf_flow,515880,Communication ETF candidate,1.533,1.54,1.436,1.44,31493091.0,4692354089.0,-5.08,4.75,,,,,eastmoney,push2his bulk kline curl fallback after AKShare TLS failure,market_history_backfill_v0_10_77,2026-07-28T06:10:48.831103+00:00,true,eastmoney,push2his bulk kline curl fallback after AKShare TLS failure,2026-07-28T06:10:48.831103+00:00,2026-07-28T06:10:48.831103+00:00,2026-07-28
2026-05-22,2026-05-22,ai_computer,ai_computer_etf_flow,159819,AI ETF candidate,1.949,1.986,1.931,1.979,3451540.0,676250815.93,2.54,3.03,,,,,eastmoney,push2his bulk kline curl fallback after AKShare TLS failure,market_history_backfill_v0_10_77,2026-07-28T06:10:48.831103+00:00,true,eastmoney,push2his bulk kline curl fallback after AKShare TLS failure,2026-07-28T06:10:48.831103+00:00,2026-07-28T06:10:48.831103+00:00,2026-07-28
2026-05-22,2026-05-22,consumer,consumer_etf_flow,159928,Consumer ETF candidate,0.692,0.693,0.68,0.682,3851917.0,263364873.0,-1.16,1.67,,,,,eastmoney,push2his bulk kline curl fallback after AKShare TLS failure,market_history_backfill_v0_10_77,2026-07-28T06:10:48.831103+00:00,true,eastmoney,push2his bulk kline curl fallback after AKShare TLS failure,2026-07-28T06:10:48.831103+00:00,2026-07-28T06:10:48.831103+00:00,2026-07-28
2026-05-22,2026-05-22,brokerage,brokerage_etf_flow,512000,Brokerage ETF candidate,0.504,0.506,0.494,0.496,24326042.0,1208814988.0,-1.39,3.2,,,,,eastmoney,push2his bulk kline curl fallback after AKShare TLS failure,market_history_backfill_v0_10_77,2026-07-28T06:10:48.831103+00:00,true,eastmoney,push2his bulk kline curl fallback after AKShare TLS failure,2026-07-28T06:10:48.831103+00:00,2026-07-28T06:10:48.831103+00:00,2026-07-28
2026-05-22,2026-05-22,healthcare_pharma,healthcare_pharma_etf_flow,512010,Healthcare ETF candidate,0.349,0.351,0.343,0.345,14070051.0,485385335.0,-1.15,3.03,,,,,eastmoney,push2his bulk kline curl fallback after AKShare TLS failure,market_history_backfill_v0_10_77,2026-07-28T06:10:48.831103+00:00,true,eastmoney,push2his bulk kline curl fallback after AKShare TLS failure,2026-07-28T06:10:48.831103+00:00,2026-07-28T06:10:48.831103+00:00,2026-07-28
2026-05-22,2026-05-22,real_estate_infra,real_estate_infra_etf_flow,512200,Real estate ETF candidate,1.365,1.382,1.359,1.372,1338978.0,183579676.0,0.59,4.81,,,,,eastmoney,push2his bulk kline curl fallback after AKShare TLS failure,market_history_backfill_v0_10_77,2026-07-28T06:10:48.831103+00:00,true,eastmoney,push2his bulk kline curl fallback after AKShare TLS failure,2026-07-28T06:10:48.831103+00:00,2026-07-28T06:10:48.831103+00:00,2026-07-28
2026-05-22,2026-05-22,resources_materials,resources_materials_etf_flow,512400,Non-ferrous metals ETF candidate,1.951,2.029,1.941,2.019,4943173.0,983949219.0,3.7,3.88,,,,,eastmoney,push2his bulk kline curl fallback after AKShare TLS failure,market_history_backfill_v0_10_77,2026-07-28T06:10:48.831103+00:00,true,eastmoney,push2his bulk kline curl fallback after AKShare TLS failure,2026-07-28T06:10:48.831103+00:00,2026-07-28T06:10:48.831103+00:00,2026-07-28
2026-05-22,2026-05-22,semiconductor,semiconductor_etf_flow,512480,Semiconductor ETF candidate,2.146,2.194,2.113,2.189,9662449.0,2080161895.0,2.67,5.17,,,,,eastmoney,push2his bulk kline curl fallback after AKShare TLS failure,market_history_backfill_v0_10_77,2026-07-28T06:10:48.831103+00:00,true,eastmoney,push2his bulk kline curl fallback after AKShare TLS failure,2026-07-28T06:10:48.831103+00:00,2026-07-28T06:10:48.831103+00:00,2026-07-28
2026-05-22,2026-05-22,defense_military,defense_military_etf_flow,512660,Defense ETF candidate,1.344,1.362,1.337,1.357,2974667.0,402502195.0,1.5,5.18,,,,,eastmoney,push2his bulk kline curl fallback after AKShare TLS failure,market_history_backfill_v0_10_77,2026-07-28T06:10:48.831103+00:00,true,eastmoney,push2his bulk kline curl fallback after AKShare TLS failure,2026-07-28T06:10:48.831103+00:00,2026-07-28T06:10:48.831103+00:00,2026-07-28
2026-05-22,2026-05-22,bank_insurance,bank_insurance_etf_flow,512800,Bank ETF candidate,0.769,0.772,0.764,0.769,7501323.0,576053392.0,-0.26,5.3,,,,,eastmoney,push2his bulk kline curl fallback after AKShare TLS failure,market_history_backfill_v0_10_77,2026-07-28T06:10:48.831103+00:00,true,eastmoney,push2his bulk kline curl fallback after AKShare TLS failure,2026-07-28T06:10:48.831103+00:00,2026-07-28T06:10:48.831103+00:00,2026-07-28
2026-05-22,2026-05-22,new_energy_ev,new_energy_ev_etf_flow,515030,New energy vehicle ETF candidate,2.02,2.06,2.005,2.055,1227514.0,250236314.0,1.43,7.74,,,,,eastmoney,push2his bulk kline curl fallback after AKShare TLS failure,market_history_backfill_v0_10_77,2026-07-28T06:10:48.831103+00:00,true,eastmoney,push2his bulk kline curl fallback after AKShare TLS failure,2026-07-28T06:10:48.831103+00:00,2026-07-28T06:10:48.831103+00:00,2026-07-28
2026-05-22,2026-05-22,communication_electronics,communication_electronics_etf_flow,515880,Communication ETF candidate,1.454,1.51,1.45,1.505,23819360.0,3525488293.0,4.51,3.59,,,,,eastmoney,push2his bulk kline curl fallback after AKShare TLS failure,market_history_backfill_v0_10_77,2026-07-28T06:10:48.831103+00:00,true,eastmoney,push2his bulk kline curl fallback after AKShare TLS failure,2026-07-28T06:10:48.831103+00:00,2026-07-28T06:10:48.831103+00:00,2026-07-28
2026-05-25,2026-05-25,ai_computer,ai_computer_etf_flow,159819,AI ETF candidate,1.989,2.056,1.972,2.055,4346923.0,877939212.223,3.84,3.81,,,,,eastmoney,push2his bulk kline curl fallback after AKShare TLS failure,market_history_backfill_v0_10_77,2026-07-28T06:10:48.831103+00:00,true,eastmoney,push2his bulk kline curl fallback after AKShare TLS failure,2026-07-28T06:10:48.831103+00:00,2026-07-28T06:10:48.831103+00:00,2026-07-28
2026-05-25,2026-05-25,consumer,consumer_etf_flow,159928,Consumer ETF candidate,0.682,0.686,0.674,0.681,5516139.0,375481691.3,-0.15,2.38,,,,,eastmoney,push2his bulk kline curl fallback after AKShare TLS failure,market_history_backfill_v0_10_77,2026-07-28T06:10:48.831103+00:00,true,eastmoney,push2his bulk kline curl fallback after AKShare TLS failure,2026-07-28T06:10:48.831103+00:00,2026-07-28T06:10:48.831103+00:00,2026-07-28
2026-05-25,2026-05-25,brokerage,brokerage_etf_flow,512000,Brokerage ETF candidate,0.498,0.503,0.494,0.499,19925282.0,992288620.0,0.6,2.62,,,,,eastmoney,push2his bulk kline curl fallback after AKShare TLS failure,market_history_backfill_v0_10_77,2026-07-28T06:10:48.831103+00:00,true,eastmoney,push2his bulk kline curl fallback after AKShare TLS failure,2026-07-28T06:10:48.831103+00:00,2026-07-28T06:10:48.831103+00:00,2026-07-28
2026-05-25,2026-05-25,healthcare_pharma,healthcare_pharma_etf_flow,512010,Healthcare ETF candidate,0.343,0.343,0.338,0.34,17892016.0,608813780.0,-1.45,3.86,,,,,eastmoney,push2his bulk kline curl fallback after AKShare TLS failure,market_history_backfill_v0_10_77,2026-07-28T06:10:48.831103+00:00,true,eastmoney,push2his bulk kline curl fallback after AKShare TLS failure,2026-07-28T06:10:48.831103+00:00,2026-07-28T06:10:48.831103+00:00,2026-07-28
2026-05-25,2026-05-25,real_estate_infra,real_estate_infra_etf_flow,512200,Real estate ETF candidate,1.366,1.388,1.366,1.382,1727000.0,237786123.0,0.73,6.2,,,,,eastmoney,push2his bulk kline curl fallback after AKShare TLS failure,market_history_backfill_v0_10_77,2026-07-28T06:10:48.831103+00:00,true,eastmoney,push2his bulk kline curl fallback after AKShare TLS failure,2026-07-28T06:10:48.831103+00:00,2026-07-28T06:10:48.831103+00:00,2026-07-28
2026-05-25,2026-05-25,resources_materials,resources_materials_etf_flow,512400,Non-ferrous metals ETF candidate,2.05,2.066,2.01,2.025,6963712.0,1414202739.0,0.3,5.47,,,,,eastmoney,push2his bulk kline curl fallback after AKShare TLS failure,market_history_backfill_v0_10_77,2026-07-28T06:10:48.831103+00:00,true,eastmoney,push2his bulk kline curl fallback after AKShare TLS failure,2026-07-28T06:10:48.831103+00:00,2026-07-28T06:10:48.831103+00:00,2026-07-28
2026-05-25,2026-05-25,semiconductor,semiconductor_etf_flow,512480,Semiconductor ETF candidate,2.191,2.35,2.165,2.348,10541575.0,2403690732.0,7.26,5.64,,,,,eastmoney,push2his bulk kline curl fallback after AKShare TLS failure,market_history_backfill_v0_10_77,2026-07-28T06:10:48.831103+00:00,true,eastmoney,push2his bulk kline curl fallback after AKShare TLS failure,2026-07-28T06:10:48.831103+00:00,2026-07-28T06:10:48.831103+00:00,2026-07-28
2026-05-25,2026-05-25,defense_military,defense_military_etf_flow,512660,Defense ETF candidate,1.365,1.377,1.349,1.376,3345436.0,457030518.0,1.4,5.83,,,,,eastmoney,push2his bulk kline curl fallback after AKShare TLS failure,market_history_backfill_v0_10_77,2026-07-28T06:10:48.831103+00:00,true,eastmoney,push2his bulk kline curl fallback after AKShare TLS failure,2026-07-28T06:10:48.831103+00:00,2026-07-28T06:10:48.831103+00:00,2026-07-28
2026-05-25,2026-05-25,bank_insurance,bank_insurance_etf_flow,512800,Bank ETF candidate,0.767,0.773,0.765,0.767,5216473.0,401140181.0,-0.26,3.68,,,,,eastmoney,push2his bulk kline curl fallback after AKShare TLS failure,market_history_backfill_v0_10_77,2026-07-28T06:10:48.831103+00:00,true,eastmoney,push2his bulk kline curl fallback after AKShare TLS failure,2026-07-28T06:10:48.831103+00:00,2026-07-28T06:10:48.831103+00:00,2026-07-28
2026-05-25,2026-05-25,new_energy_ev,new_energy_ev_etf_flow,515030,New energy vehicle ETF candidate,2.066,2.068,2.001,2.018,1684912.0,339521264.0,-1.8,10.62,,,,,eastmoney,push2his bulk kline curl fallback after AKShare TLS failure,market_history_backfill_v0_10_77,2026-07-28T06:10:48.831103+00:00,true,eastmoney,push2his bulk kline curl fallback after AKShare TLS failure,2026-07-28T06:10:48.831103+00:00,2026-07-28T06:10:48.831103+00:00,2026-07-28
2026-05-25,2026-05-25,communication_electronics,communication_electronics_etf_flow,515880,Communication ETF candidate,1.516,1.565,1.487,1.562,23733160.0,3627740165.0,3.79,3.58,,,,,eastmoney,push2his bulk kline curl fallback after AKShare TLS failure,market_history_backfill_v0_10_77,2026-07-28T06:10:48.831103+00:00,true,eastmoney,push2his bulk kline curl fallback after AKShare TLS failure,2026-07-28T06:10:48.831103+00:00,2026-07-28T06:10:48.831103+00:00,2026-07-28
2026-05-26,2026-05-26,ai_computer,ai_computer_etf_flow,159819,AI ETF candidate,2.055,2.055,2.006,2.043,4382675.0,889884310.443,-0.58,3.84,,,,,eastmoney,push2his bulk kline curl fallback after AKShare TLS failure,market_history_backfill_v0_10_77,2026-07-28T06:10:48.831103+00:00,true,eastmoney,push2his bulk kline curl fallback after AKShare TLS failure,2026-07-28T06:10:48.831103+00:00,2026-07-28T06:10:48.831103+00:00,2026-07-28
2026-05-26,2026-05-26,consumer,consumer_etf_flow,159928,Consumer ETF candidate,0.68,0.684,0.676,0.68,3007341.0,204176770.9,-0.15,1.3,,,,,eastmoney,push2his bulk kline curl fallback after AKShare TLS failure,market_history_backfill_v0_10_77,2026-07-28T06:10:48.831103+00:00,true,eastmoney,push2his bulk kline curl fallback after AKShare TLS failure,2026-07-28T06:10:48.831103+00:00,2026-07-28T06:10:48.831103+00:00,2026-07-28
2026-05-26,2026-05-26,brokerage,brokerage_etf_flow,512000,Brokerage ETF candidate,0.498,0.51,0.496,0.504,25437497.0,1282125771.0,1.0,3.34,,,,,eastmoney,push2his bulk kline curl fallback after AKShare TLS failure,market_history_backfill_v0_10_77,2026-07-28T06:10:48.831103+00:00,true,eastmoney,push2his bulk kline curl fallback after AKShare TLS failure,2026-07-28T06:10:48.831103+00:00,2026-07-28T06:10:48.831103+00:00,2026-07-28
2026-05-26,2026-05-26,healthcare_pharma,healthcare_pharma_etf_flow,512010,Healthcare ETF candidate,0.34,0.343,0.338,0.34,12084420.0,411277872.0,0.0,2.6,,,,,eastmoney,push2his bulk kline curl fallback after AKShare TLS failure,market_history_backfill_v0_10_77,2026-07-28T06:10:48.831103+00:00,true,eastmoney,push2his bulk kline curl fallback after AKShare TLS failure,2026-07-28T06:10:48.831103+00:00,2026-07-28T06:10:48.831103+00:00,2026-07-28
2026-05-26,2026-05-26,real_estate_infra,real_estate_infra_etf_flow,512200,Real estate ETF candidate,1.376,1.377,1.349,1.369,1315541.0,178752135.0,-0.94,4.72,,,,,eastmoney,push2his bulk kline curl fallback after AKShare TLS failure,market_history_backfill_v0_10_77,2026-07-28T06:10:48.831103+00:00,true,eastmoney,push2his bulk kline curl fallback after AKShare TLS failure,2026-07-28T06:10:48.831103+00:00,2026-07-28T06:10:48.831103+00:00,2026-07-28
2026-05-26,2026-05-26,resources_materials,resources_materials_etf_flow,512400,Non-ferrous metals ETF candidate,2.009,2.1,1.984,2.095,8702050.0,1788917607.0,3.46,6.83,,,,,eastmoney,push2his bulk kline curl fallback after AKShare TLS failure,market_history_backfill_v0_10_77,2026-07-28T06:10:48.831103+00:00,true,eastmoney,push2his bulk kline curl fallback after AKShare TLS failure,2026-07-28T06:10:48.831103+00:00,2026-07-28T06:10:48.831103+00:00,2026-07-28
2026-05-26,2026-05-26,semiconductor,semiconductor_etf_flow,512480,Semiconductor ETF candidate,2.344,2.344,2.247,2.321,11334558.0,2594804086.0,-1.15,6.06,,,,,eastmoney,push2his bulk kline curl fallback after AKShare TLS failure,market_history_backfill_v0_10_77,2026-07-28T06:10:48.831103+00:00,true,eastmoney,push2his bulk kline curl fallback after AKShare TLS failure,2026-07-28T06:10:48.831103+00:00,2026-07-28T06:10:48.831103+00:00,2026-07-28
2026-05-26,2026-05-26,defense_military,defense_military_etf_flow,512660,Defense ETF candidate,1.369,1.369,1.328,1.348,2586208.0,346828863.0,-2.03,4.51,,,,,eastmoney,push2his bulk kline curl fallback after AKShare TLS failure,market_history_backfill_v0_10_77,2026-07-28T06:10:48.831103+00:00,true,eastmoney,push2his bulk kline curl fallback after AKShare TLS failure,2026-07-28T06:10:48.831103+00:00,2026-07-28T06:10:48.831103+00:00,2026-07-28
2026-05-26,2026-05-26,bank_insurance,bank_insurance_etf_flow,512800,Bank ETF candidate,0.767,0.774,0.767,0.771,7136414.0,549809359.0,0.52,5.04,,,,,eastmoney,push2his bulk kline curl fallback after AKShare TLS failure,market_history_backfill_v0_10_77,2026-07-28T06:10:48.831103+00:00,true,eastmoney,push2his bulk kline curl fallback after AKShare TLS failure,2026-07-28T06:10:48.831103+00:00,2026-07-28T06:10:48.831103+00:00,2026-07-28
2026-05-26,2026-05-26,new_energy_ev,new_energy_ev_etf_flow,515030,New energy vehicle ETF candidate,2.013,2.043,2.0,2.021,1769015.0,356920656.0,0.15,11.15,,,,,eastmoney,push2his bulk kline curl fallback after AKShare TLS failure,market_history_backfill_v0_10_77,2026-07-28T06:10:48.831103+00:00,true,eastmoney,push2his bulk kline curl fallback after AKShare TLS failure,2026-07-28T06:10:48.831103+00:00,2026-07-28T06:10:48.831103+00:00,2026-07-28
2026-05-26,2026-05-26,communication_electronics,communication_electronics_etf_flow,515880,Communication ETF candidate,1.546,1.559,1.518,1.548,19446060.0,2994108164.0,-0.9,2.93,,,,,eastmoney,push2his bulk kline curl fallback after AKShare TLS failure,market_history_backfill_v0_10_77,2026-07-28T06:10:48.831103+00:00,true,eastmoney,push2his bulk kline curl fallback after AKShare TLS failure,2026-07-28T06:10:48.831103+00:00,2026-07-28T06:10:48.831103+00:00,2026-07-28
2026-05-27,2026-05-27,ai_computer,ai_computer_etf_flow,159819,AI ETF candidate,2.042,2.08,1.994,2.006,3861443.0,787742465.695,-1.81,3.38,,,,,eastmoney,push2his bulk kline curl fallback after AKShare TLS failure,market_history_backfill_v0_10_77,2026-07-28T06:10:48.831103+00:00,true,eastmoney,push2his bulk kline curl fallback after AKShare TLS failure,2026-07-28T06:10:48.831103+00:00,2026-07-28T06:10:48.831103+00:00,2026-07-28
2026-05-27,2026-05-27,consumer,consumer_etf_flow,159928,Consumer ETF candidate,0.679,0.69,0.668,0.682,13980902.0,949908205.97,0.29,6.04,,,,,eastmoney,push2his bulk kline curl fallback after AKShare TLS failure,market_history_backfill_v0_10_77,2026-07-28T06:10:48.831103+00:00,true,eastmoney,push2his bulk kline curl fallback after AKShare TLS failure,2026-07-28T06:10:48.831103+00:00,2026-07-28T06:10:48.831103+00:00,2026-07-28
2026-05-27,2026-05-27,brokerage,brokerage_etf_flow,512000,Brokerage ETF candidate,0.502,0.51,0.495,0.499,22980609.0,1151207822.0,-0.99,3.02,,,,,eastmoney,push2his bulk kline curl fallback after AKShare TLS failure,market_history_backfill_v0_10_77,2026-07-28T06:10:48.831103+00:00,true,eastmoney,push2his bulk kline curl fallback after AKShare TLS failure,2026-07-28T06:10:48.831103+00:00,2026-07-28T06:10:48.831103+00:00,2026-07-28
2026-05-27,2026-05-27,healthcare_pharma,healthcare_pharma_etf_flow,512010,Healthcare ETF candidate,0.34,0.345,0.334,0.342,20144557.0,683119259.0,0.59,4.34,,,,,eastmoney,push2his bulk kline curl fallback after AKShare TLS failure,market_history_backfill_v0_10_77,2026-07-28T06:10:48.831103+00:00,true,eastmoney,push2his bulk kline curl fallback after AKShare TLS failure,2026-07-28T06:10:48.831103+00:00,2026-07-28T06:10:48.831103+00:00,2026-07-28
2026-05-27,2026-05-27,real_estate_infra,real_estate_infra_etf_flow,512200,Real estate ETF candidate,1.361,1.365,1.321,1.329,983746.0,131447852.0,-2.92,3.53,,,,,eastmoney,push2his bulk kline curl fallback after AKShare TLS failure,market_history_backfill_v0_10_77,2026-07-28T06:10:48.831103+00:00,true,eastmoney,push2his bulk kline curl fallback after AKShare TLS failure,2026-07-28T06:10:48.831103+00:00,2026-07-28T06:10:48.831103+00:00,2026-07-28
2026-05-27,2026-05-27,resources_materials,resources_materials_etf_flow,512400,Non-ferrous metals ETF candidate,2.085,2.092,2.0,2.013,6577594.0,1340244557.0,-3.91,5.17,,,,,eastmoney,push2his bulk kline curl fallback after AKShare TLS failure,market_history_backfill_v0_10_77,2026-07-28T06:10:48.831103+00:00,true,eastmoney,push2his bulk kline curl fallback after AKShare TLS failure,2026-07-28T06:10:48.831103+00:00,2026-07-28T06:10:48.831103+00:00,2026-07-28
2026-05-27,2026-05-27,semiconductor,semiconductor_etf_flow,512480,Semiconductor ETF candidate,2.329,2.379,2.253,2.265,11467473.0,2659335557.0,-2.41,6.13,,,,,eastmoney,push2his bulk kline curl fallback after AKShare TLS failure,market_history_backfill_v0_10_77,2026-07-28T06:10:48.831103+00:00,true,eastmoney,push2his bulk kline curl fallback after AKShare TLS failure,2026-07-28T06:10:48.831103+00:00,2026-07-28T06:10:48.831103+00:00,2026-07-28
2026-05-27,2026-05-27,defense_military,defense_military_etf_flow,512660,Defense ETF candidate,1.348,1.365,1.318,1.323,2088352.0,280389357.0,-1.85,3.64,,,,,eastmoney,push2his bulk kline curl fallback after AKShare TLS failure,market_history_backfill_v0_10_77,2026-07-28T06:10:48.831103+00:00,true,eastmoney,push2his bulk kline curl fallback after AKShare TLS failure,2026-07-28T06:10:48.831103+00:00,2026-07-28T06:10:48.831103+00:00,2026-07-28
2026-05-27,2026-05-27,bank_insurance,bank_insurance_etf_flow,512800,Bank ETF candidate,0.77,0.773,0.766,0.767,6817533.0,524118563.0,-0.52,4.82,,,,,eastmoney,push2his bulk kline curl fallback after AKShare TLS failure,market_history_backfill_v0_10_77,2026-07-28T06:10:48.831103+00:00,true,eastmoney,push2his bulk kline curl fallback after AKShare TLS failure,2026-07-28T06:10:48.831103+00:00,2026-07-28T06:10:48.831103+00:00,2026-07-28
2026-05-27,2026-05-27,new_energy_ev,new_energy_ev_etf_flow,515030,New energy vehicle ETF candidate,2.021,2.059,1.988,2.002,1628960.0,329595756.0,-0.94,10.27,,,,,eastmoney,push2his bulk kline curl fallback after AKShare TLS failure,market_history_backfill_v0_10_77,2026-07-28T06:10:48.831103+00:00,true,eastmoney,push2his bulk kline curl fallback after AKShare TLS failure,2026-07-28T06:10:48.831103+00:00,2026-07-28T06:10:48.831103+00:00,2026-07-28
2026-05-27,2026-05-27,communication_electronics,communication_electronics_etf_flow,515880,Communication ETF candidate,1.532,1.587,1.527,1.539,23194636.0,3614493677.0,-0.58,3.5,,,,,eastmoney,push2his bulk kline curl fallback after AKShare TLS failure,market_history_backfill_v0_10_77,2026-07-28T06:10:48.831103+00:00,true,eastmoney,push2his bulk kline curl fallback after AKShare TLS failure,2026-07-28T06:10:48.831103+00:00,2026-07-28T06:10:48.831103+00:00,2026-07-28
2026-05-28,2026-05-28,ai_computer,ai_computer_etf_flow,159819,AI ETF candidate,1.993,2.05,1.966,2.04,3927592.0,787763812.559,1.69,3.44,,,,,eastmoney,push2his bulk kline curl fallback after AKShare TLS failure,market_history_backfill_v0_10_77,2026-07-28T06:10:48.831103+00:00,true,eastmoney,push2his bulk kline curl fallback after AKShare TLS failure,2026-07-28T06:10:48.831103+00:00,2026-07-28T06:10:48.831103+00:00,2026-07-28
2026-05-28,2026-05-28,consumer,consumer_etf_flow,159928,Consumer ETF candidate,0.679,0.679,0.668,0.67,5870697.0,395183256.276,-1.76,2.54,,,,,eastmoney,push2his bulk kline curl fallback after AKShare TLS failure,market_history_backfill_v0_10_77,2026-07-28T06:10:48.831103+00:00,true,eastmoney,push2his bulk kline curl fallback after AKShare TLS failure,2026-07-28T06:10:48.831103+00:00,2026-07-28T06:10:48.831103+00:00,2026-07-28
2026-05-28,2026-05-28,brokerage,brokerage_etf_flow,512000,Brokerage ETF candidate,0.498,0.499,0.485,0.488,28471244.0,1394146050.0,-2.2,3.74,,,,,eastmoney,push2his bulk kline curl fallback after AKShare TLS failure,market_history_backfill_v0_10_77,2026-07-28T06:10:48.831103+00:00,true,eastmoney,push2his bulk kline curl fallback after AKShare TLS failure,2026-07-28T06:10:48.831103+00:00,2026-07-28T06:10:48.831103+00:00,2026-07-28
2026-05-28,2026-05-28,healthcare_pharma,healthcare_pharma_etf_flow,512010,Healthcare ETF candidate,0.341,0.343,0.334,0.336,13211988.0,445543068.0,-1.75,2.85,,,,,eastmoney,push2his bulk kline curl fallback after AKShare TLS failure,market_history_backfill_v0_10_77,2026-07-28T06:10:48.831103+00:00,true,eastmoney,push2his bulk kline curl fallback after AKShare TLS failure,2026-07-28T06:10:48.831103+00:00,2026-07-28T06:10:48.831103+00:00,2026-07-28
2026-05-28,2026-05-28,real_estate_infra,real_estate_infra_etf_flow,512200,Real estate ETF candidate,1.325,1.344,1.321,1.341,920961.0,122863567.0,0.9,3.31,,,,,eastmoney,push2his bulk kline curl fallback after AKShare TLS failure,market_history_backfill_v0_10_77,2026-07-28T06:10:48.831103+00:00,true,eastmoney,push2his bulk kline curl fallback after AKShare TLS failure,2026-07-28T06:10:48.831103+00:00,2026-07-28T06:10:48.831103+00:00,2026-07-28
2026-05-28,2026-05-28,resources_materials,resources_materials_etf_flow,512400,Non-ferrous metals ETF candidate,1.983,2.008,1.937,1.991,6201677.0,1222480512.0,-1.09,4.87,,,,,eastmoney,push2his bulk kline curl fallback after AKShare TLS failure,market_history_backfill_v0_10_77,2026-07-28T06:10:48.831103+00:00,true,eastmoney,push2his bulk kline curl fallback after AKShare TLS failure,2026-07-28T06:10:48.831103+00:00,2026-07-28T06:10:48.831103+00:00,2026-07-28
2026-05-28,2026-05-28,semiconductor,semiconductor_etf_flow,512480,Semiconductor ETF candidate,2.229,2.308,2.229,2.294,9537105.0,2169576784.0,1.28,5.1,,,,,eastmoney,push2his bulk kline curl fallback after AKShare TLS failure,market_history_backfill_v0_10_77,2026-07-28T06:10:48.831103+00:00,true,eastmoney,push2his bulk kline curl fallback after AKShare TLS failure,2026-07-28T06:10:48.831103+00:00,2026-07-28T06:10:48.831103+00:00,2026-07-28
2026-05-28,2026-05-28,defense_military,defense_military_etf_flow,512660,Defense ETF candidate,1.319,1.352,1.319,1.344,3470367.0,464773160.0,1.59,6.05,,,,,eastmoney,push2his bulk kline curl fallback after AKShare TLS failure,market_history_backfill_v0_10_77,2026-07-28T06:10:48.831103+00:00,true,eastmoney,push2his bulk kline curl fallback after AKShare TLS failure,2026-07-28T06:10:48.831103+00:00,2026-07-28T06:10:48.831103+00:00,2026-07-28
2026-05-28,2026-05-28,bank_insurance,bank_insurance_etf_flow,512800,Bank ETF candidate,0.766,0.77,0.76,0.761,11289029.0,861982889.0,-0.78,7.97,,,,,eastmoney,push2his bulk kline curl fallback after AKShare TLS failure,market_history_backfill_v0_10_77,2026-07-28T06:10:48.831103+00:00,true,eastmoney,push2his bulk kline curl fallback after AKShare TLS failure,2026-07-28T06:10:48.831103+00:00,2026-07-28T06:10:48.831103+00:00,2026-07-28
2026-05-28,2026-05-28,new_energy_ev,new_energy_ev_etf_flow,515030,New energy vehicle ETF candidate,2.002,2.013,1.95,1.994,1019412.0,201055070.0,-0.4,6.43,,,,,eastmoney,push2his bulk kline curl fallback after AKShare TLS failure,market_history_backfill_v0_10_77,2026-07-28T06:10:48.831103+00:00,true,eastmoney,push2his bulk kline curl fallback after AKShare TLS failure,2026-07-28T06:10:48.831103+00:00,2026-07-28T06:10:48.831103+00:00,2026-07-28
2026-05-28,2026-05-28,communication_electronics,communication_electronics_etf_flow,515880,Communication ETF candidate,1.53,1.623,1.511,1.619,26617272.0,4179835398.0,5.2,4.02,,,,,eastmoney,push2his bulk kline curl fallback after AKShare TLS failure,market_history_backfill_v0_10_77,2026-07-28T06:10:48.831103+00:00,true,eastmoney,push2his bulk kline curl fallback after AKShare TLS failure,2026-07-28T06:10:48.831103+00:00,2026-07-28T06:10:48.831103+00:00,2026-07-28
2026-05-29,2026-05-29,ai_computer,ai_computer_etf_flow,159819,AI ETF candidate,2.044,2.06,1.95,1.968,4595307.0,915691753.197,-3.53,4.03,,,,,eastmoney,push2his bulk kline curl fallback after AKShare TLS failure,market_history_backfill_v0_10_77,2026-07-28T06:10:48.831103+00:00,true,eastmoney,push2his bulk kline curl fallback after AKShare TLS failure,2026-07-28T06:10:48.831103+00:00,2026-07-28T06:10:48.831103+00:00,2026-07-28
2026-05-29,2026-05-29,consumer,consumer_etf_flow,159928,Consumer ETF candidate,0.669,0.692,0.667,0.689,8427272.0,576247512.048,2.84,3.64,,,,,eastmoney,push2his bulk kline curl fallback after AKShare TLS failure,market_history_backfill_v0_10_77,2026-07-28T06:10:48.831103+00:00,true,eastmoney,push2his bulk kline curl fallback after AKShare TLS failure,2026-07-28T06:10:48.831103+00:00,2026-07-28T06:10:48.831103+00:00,2026-07-28
2026-05-29,2026-05-29,brokerage,brokerage_etf_flow,512000,Brokerage ETF candidate,0.488,0.501,0.488,0.493,26083502.0,1292565309.0,1.02,3.43,,,,,eastmoney,push2his bulk kline curl fallback after AKShare TLS failure,market_history_backfill_v0_10_77,2026-07-28T06:10:48.831103+00:00,true,eastmoney,push2his bulk kline curl fallback after AKShare TLS failure,2026-07-28T06:10:48.831103+00:00,2026-07-28T06:10:48.831103+00:00,2026-07-28
2026-05-29,2026-05-29,healthcare_pharma,healthcare_pharma_etf_flow,512010,Healthcare ETF candidate,0.336,0.347,0.336,0.344,21753414.0,743099038.0,2.38,4.69,,,,,eastmoney,push2his bulk kline curl fallback after AKShare TLS failure,market_history_backfill_v0_10_77,2026-07-28T06:10:48.831103+00:00,true,eastmoney,push2his bulk kline curl fallback after AKShare TLS failure,2026-07-28T06:10:48.831103+00:00,2026-07-28T06:10:48.831103+00:00,2026-07-28
2026-05-29,2026-05-29,real_estate_infra,real_estate_infra_etf_flow,512200,Real estate ETF candidate,1.341,1.391,1.34,1.354,1779483.0,242965974.0,0.97,6.39,,,,,eastmoney,push2his bulk kline curl fallback after AKShare TLS failure,market_history_backfill_v0_10_77,2026-07-28T06:10:48.831103+00:00,true,eastmoney,push2his bulk kline curl fallback after AKShare TLS failure,2026-07-28T06:10:48.831103+00:00,2026-07-28T06:10:48.831103+00:00,2026-07-28
2026-05-29,2026-05-29,resources_materials,resources_materials_etf_flow,512400,Non-ferrous metals ETF candidate,2.012,2.028,1.953,1.965,5004277.0,993563687.0,-1.31,3.93,,,,,eastmoney,push2his bulk kline curl fallback after AKShare TLS failure,market_history_backfill_v0_10_77,2026-07-28T06:10:48.831103+00:00,true,eastmoney,push2his bulk kline curl fallback after AKShare TLS failure,2026-07-28T06:10:48.831103+00:00,2026-07-28T06:10:48.831103+00:00,2026-07-28
2026-05-29,2026-05-29,semiconductor,semiconductor_etf_flow,512480,Semiconductor ETF candidate,2.297,2.305,2.135,2.16,11405394.0,2515124035.0,-5.84,6.1,,,,,eastmoney,push2his bulk kline curl fallback after AKShare TLS failure,market_history_backfill_v0_10_77,2026-07-28T06:10:48.831103+00:00,true,eastmoney,push2his bulk kline curl fallback after AKShare TLS failure,2026-07-28T06:10:48.831103+00:00,2026-07-28T06:10:48.831103+00:00,2026-07-28
2026-05-29,2026-05-29,defense_military,defense_military_etf_flow,512660,Defense ETF candidate,1.345,1.349,1.275,1.284,3324038.0,432869044.0,-4.46,5.79,,,,,eastmoney,push2his bulk kline curl fallback after AKShare TLS failure,market_history_backfill_v0_10_77,2026-07-28T06:10:48.831103+00:00,true,eastmoney,push2his bulk kline curl fallback after AKShare TLS failure,2026-07-28T06:10:48.831103+00:00,2026-07-28T06:10:48.831103+00:00,2026-07-28
2026-05-29,2026-05-29,bank_insurance,bank_insurance_etf_flow,512800,Bank ETF candidate,0.76,0.779,0.757,0.776,11672376.0,901367164.0,1.97,8.25,,,,,eastmoney,push2his bulk kline curl fallback after AKShare TLS failure,market_history_backfill_v0_10_77,2026-07-28T06:10:48.831103+00:00,true,eastmoney,push2his bulk kline curl fallback after AKShare TLS failure,2026-07-28T06:10:48.831103+00:00,2026-07-28T06:10:48.831103+00:00,2026-07-28
2026-05-29,2026-05-29,new_energy_ev,new_energy_ev_etf_flow,515030,New energy vehicle ETF candidate,1.993,2.008,1.935,1.947,1679079.0,330634731.0,-2.36,10.58,,,,,eastmoney,push2his bulk kline curl fallback after AKShare TLS failure,market_history_backfill_v0_10_77,2026-07-28T06:10:48.831103+00:00,true,eastmoney,push2his bulk kline curl fallback after AKShare TLS failure,2026-07-28T06:10:48.831103+00:00,2026-07-28T06:10:48.831103+00:00,2026-07-28
2026-05-29,2026-05-29,communication_electronics,communication_electronics_etf_flow,515880,Communication ETF candidate,1.621,1.644,1.575,1.59,30699693.0,4927472186.0,-1.79,4.63,,,,,eastmoney,push2his bulk kline curl fallback after AKShare TLS failure,market_history_backfill_v0_10_77,2026-07-28T06:10:48.831103+00:00,true,eastmoney,push2his bulk kline curl fallback after AKShare TLS failure,2026-07-28T06:10:48.831103+00:00,2026-07-28T06:10:48.831103+00:00,2026-07-28
2026-06-01,2026-06-01,ai_computer,ai_computer_etf_flow,159819,AI ETF candidate,1.967,1.988,1.913,1.916,4408524.0,857383571.729,-2.64,3.86,,,,,eastmoney,push2his bulk kline curl fallback after AKShare TLS failure,market_history_backfill_v0_10_77,2026-07-28T06:10:48.831103+00:00,true,eastmoney,push2his bulk kline curl fallback after AKShare TLS failure,2026-07-28T06:10:48.831103+00:00,2026-07-28T06:10:48.831103+00:00,2026-07-28
2026-06-01,2026-06-01,consumer,consumer_etf_flow,159928,Consumer ETF candidate,0.687,0.691,0.679,0.691,3833946.0,263058731.5,0.29,1.66,,,,,eastmoney,push2his bulk kline curl fallback after AKShare TLS failure,market_history_backfill_v0_10_77,2026-07-28T06:10:48.831103+00:00,true,eastmoney,push2his bulk kline curl fallback after AKShare TLS failure,2026-07-28T06:10:48.831103+00:00,2026-07-28T06:10:48.831103+00:00,2026-07-28
2026-06-01,2026-06-01,brokerage,brokerage_etf_flow,512000,Brokerage ETF candidate,0.493,0.498,0.49,0.494,15441871.0,763178119.0,0.2,2.03,,,,,eastmoney,push2his bulk kline curl fallback after AKShare TLS failure,market_history_backfill_v0_10_77,2026-07-28T06:10:48.831103+00:00,true,eastmoney,push2his bulk kline curl fallback after AKShare TLS failure,2026-07-28T06:10:48.831103+00:00,2026-07-28T06:10:48.831103+00:00,2026-07-28
2026-06-01,2026-06-01,healthcare_pharma,healthcare_pharma_etf_flow,512010,Healthcare ETF candidate,0.343,0.347,0.337,0.34,18137042.0,618088158.0,-1.16,3.91,,,,,eastmoney,push2his bulk kline curl fallback after AKShare TLS failure,market_history_backfill_v0_10_77,2026-07-28T06:10:48.831103+00:00,true,eastmoney,push2his bulk kline curl fallback after AKShare TLS failure,2026-07-28T06:10:48.831103+00:00,2026-07-28T06:10:48.831103+00:00,2026-07-28
2026-06-01,2026-06-01,real_estate_infra,real_estate_infra_etf_flow,512200,Real estate ETF candidate,1.345,1.364,1.324,1.357,1109796.0,150227841.0,0.22,3.98,,,,,eastmoney,push2his bulk kline curl fallback after AKShare TLS failure,market_history_backfill_v0_10_77,2026-07-28T06:10:48.831103+00:00,true,eastmoney,push2his bulk kline curl fallback after AKShare TLS failure,2026-07-28T06:10:48.831103+00:00,2026-07-28T06:10:48.831103+00:00,2026-07-28
2026-06-01,2026-06-01,resources_materials,resources_materials_etf_flow,512400,Non-ferrous metals ETF candidate,1.961,1.988,1.944,1.949,4392999.0,863503387.0,-0.81,3.45,,,,,eastmoney,push2his bulk kline curl fallback after AKShare TLS failure,market_history_backfill_v0_10_77,2026-07-28T06:10:48.831103+00:00,true,eastmoney,push2his bulk kline curl fallback after AKShare TLS failure,2026-07-28T06:10:48.831103+00:00,2026-07-28T06:10:48.831103+00:00,2026-07-28
2026-06-01,2026-06-01,semiconductor,semiconductor_etf_flow,512480,Semiconductor ETF candidate,2.153,2.17,2.043,2.046,11178345.0,2347226005.0,-5.28,5.98,,,,,eastmoney,push2his bulk kline curl fallback after AKShare TLS failure,market_history_backfill_v0_10_77,2026-07-28T06:10:48.831103+00:00,true,eastmoney,push2his bulk kline curl fallback after AKShare TLS failure,2026-07-28T06:10:48.831103+00:00,2026-07-28T06:10:48.831103+00:00,2026-07-28
2026-06-01,2026-06-01,defense_military,defense_military_etf_flow,512660,Defense ETF candidate,1.277,1.296,1.266,1.269,2858672.0,366118185.0,-1.17,4.98,,,,,eastmoney,push2his bulk kline curl fallback after AKShare TLS failure,market_history_backfill_v0_10_77,2026-07-28T06:10:48.831103+00:00,true,eastmoney,push2his bulk kline curl fallback after AKShare TLS failure,2026-07-28T06:10:48.831103+00:00,2026-07-28T06:10:48.831103+00:00,2026-07-28
2026-06-01,2026-06-01,bank_insurance,bank_insurance_etf_flow,512800,Bank ETF candidate,0.775,0.785,0.772,0.785,10470035.0,815818267.0,1.16,7.4,,,,,eastmoney,push2his bulk kline curl fallback after AKShare TLS failure,market_history_backfill_v0_10_77,2026-07-28T06:10:48.831103+00:00,true,eastmoney,push2his bulk kline curl fallback after AKShare TLS failure,2026-07-28T06:10:48.831103+00:00,2026-07-28T06:10:48.831103+00:00,2026-07-28
2026-06-01,2026-06-01,new_energy_ev,new_energy_ev_etf_flow,515030,New energy vehicle ETF candidate,1.934,1.978,1.93,1.933,1148130.0,224832004.0,-0.72,7.24,,,,,eastmoney,push2his bulk kline curl fallback after AKShare TLS failure,market_history_backfill_v0_10_77,2026-07-28T06:10:48.831103+00:00,true,eastmoney,push2his bulk kline curl fallback after AKShare TLS failure,2026-07-28T06:10:48.831103+00:00,2026-07-28T06:10:48.831103+00:00,2026-07-28
2026-06-01,2026-06-01,communication_electronics,communication_electronics_etf_flow,515880,Communication ETF candidate,1.577,1.597,1.53,1.532,28047299.0,4369322223.0,-3.65,4.23,,,,,eastmoney,push2his bulk kline curl fallback after AKShare TLS failure,market_history_backfill_v0_10_77,2026-07-28T06:10:48.831103+00:00,true,eastmoney,push2his bulk kline curl fallback after AKShare TLS failure,2026-07-28T06:10:48.831103+00:00,2026-07-28T06:10:48.831103+00:00,2026-07-28
2026-06-02,2026-06-02,ai_computer,ai_computer_etf_flow,159819,AI ETF candidate,1.929,1.989,1.909,1.97,4560461.0,890617830.814,2.82,4.0,,,,,eastmoney,push2his bulk kline curl fallback after AKShare TLS failure,market_history_backfill_v0_10_77,2026-07-28T06:10:48.831103+00:00,true,eastmoney,push2his bulk kline curl fallback after AKShare TLS failure,2026-07-28T06:10:48.831103+00:00,2026-07-28T06:10:48.831103+00:00,2026-07-28
2026-06-02,2026-06-02,consumer,consumer_etf_flow,159928,Consumer ETF candidate,0.689,0.69,0.678,0.68,4972392.0,339240983.843,-1.59,2.15,,,,,eastmoney,push2his bulk kline curl fallback after AKShare TLS failure,market_history_backfill_v0_10_77,2026-07-28T06:10:48.831103+00:00,true,eastmoney,push2his bulk kline curl fallback after AKShare TLS failure,2026-07-28T06:10:48.831103+00:00,2026-07-28T06:10:48.831103+00:00,2026-07-28
2026-06-02,2026-06-02,brokerage,brokerage_etf_flow,512000,Brokerage ETF candidate,0.493,0.498,0.49,0.495,22915270.0,1131420134.0,0.2,3.01,,,,,eastmoney,push2his bulk kline curl fallback after AKShare TLS failure,market_history_backfill_v0_10_77,2026-07-28T06:10:48.831103+00:00,true,eastmoney,push2his bulk kline curl fallback after AKShare TLS failure,2026-07-28T06:10:48.831103+00:00,2026-07-28T06:10:48.831103+00:00,2026-07-28
2026-06-02,2026-06-02,healthcare_pharma,healthcare_pharma_etf_flow,512010,Healthcare ETF candidate,0.339,0.339,0.333,0.336,17376613.0,582563225.0,-1.18,3.75,,,,,eastmoney,push2his bulk kline curl fallback after AKShare TLS failure,market_history_backfill_v0_10_77,2026-07-28T06:10:48.831103+00:00,true,eastmoney,push2his bulk kline curl fallback after AKShare TLS failure,2026-07-28T06:10:48.831103+00:00,2026-07-28T06:10:48.831103+00:00,2026-07-28
2026-06-02,2026-06-02,real_estate_infra,real_estate_infra_etf_flow,512200,Real estate ETF candidate,1.355,1.359,1.324,1.332,1473641.0,196787990.0,-1.84,5.29,,,,,eastmoney,push2his bulk kline curl fallback after AKShare TLS failure,market_history_backfill_v0_10_77,2026-07-28T06:10:48.831103+00:00,true,eastmoney,push2his bulk kline curl fallback after AKShare TLS failure,2026-07-28T06:10:48.831103+00:00,2026-07-28T06:10:48.831103+00:00,2026-07-28
2026-06-02,2026-06-02,resources_materials,resources_materials_etf_flow,512400,Non-ferrous metals ETF candidate,1.955,2.022,1.926,2.015,6172113.0,1222949495.0,3.39,4.85,,,,,eastmoney,push2his bulk kline curl fallback after AKShare TLS failure,market_history_backfill_v0_10_77,2026-07-28T06:10:48.831103+00:00,true,eastmoney,push2his bulk kline curl fallback after AKShare TLS failure,2026-07-28T06:10:48.831103+00:00,2026-07-28T06:10:48.831103+00:00,2026-07-28
2026-06-02,2026-06-02,semiconductor,semiconductor_etf_flow,512480,Semiconductor ETF candidate,2.047,2.112,2.017,2.08,9394950.0,1944385275.0,1.66,5.02,,,,,eastmoney,push2his bulk kline curl fallback after AKShare TLS failure,market_history_backfill_v0_10_77,2026-07-28T06:10:48.831103+00:00,true,eastmoney,push2his bulk kline curl fallback after AKShare TLS failure,2026-07-28T06:10:48.831103+00:00,2026-07-28T06:10:48.831103+00:00,2026-07-28
2026-06-02,2026-06-02,defense_military,defense_military_etf_flow,512660,Defense ETF candidate,1.27,1.275,1.235,1.267,3501490.0,438884078.0,-0.16,6.1,,,,,eastmoney,push2his bulk kline curl fallback after AKShare TLS failure,market_history_backfill_v0_10_77,2026-07-28T06:10:48.831103+00:00,true,eastmoney,push2his bulk kline curl fallback after AKShare TLS failure,2026-07-28T06:10:48.831103+00:00,2026-07-28T06:10:48.831103+00:00,2026-07-28
2026-06-02,2026-06-02,bank_insurance,bank_insurance_etf_flow,512800,Bank ETF candidate,0.784,0.795,0.783,0.79,10920030.0,861986903.0,0.64,7.71,,,,,eastmoney,push2his bulk kline curl fallback after AKShare TLS failure,market_history_backfill_v0_10_77,2026-07-28T06:10:48.831103+00:00,true,eastmoney,push2his bulk kline curl fallback after AKShare TLS failure,2026-07-28T06:10:48.831103+00:00,2026-07-28T06:10:48.831103+00:00,2026-07-28
2026-06-02,2026-06-02,new_energy_ev,new_energy_ev_etf_flow,515030,New energy vehicle ETF candidate,1.948,1.955,1.899,1.944,1385185.0,265960118.0,0.57,8.73,,,,,eastmoney,push2his bulk kline curl fallback after AKShare TLS failure,market_history_backfill_v0_10_77,2026-07-28T06:10:48.831103+00:00,true,eastmoney,push2his bulk kline curl fallback after AKShare TLS failure,2026-07-28T06:10:48.831103+00:00,2026-07-28T06:10:48.831103+00:00,2026-07-28
2026-06-02,2026-06-02,communication_electronics,communication_electronics_etf_flow,515880,Communication ETF candidate,1.535,1.644,1.535,1.635,34700349.0,5549169305.0,6.72,5.24,,,,,eastmoney,push2his bulk kline curl fallback after AKShare TLS failure,market_history_backfill_v0_10_77,2026-07-28T06:10:48.831103+00:00,true,eastmoney,push2his bulk kline curl fallback after AKShare TLS failure,2026-07-28T06:10:48.831103+00:00,2026-07-28T06:10:48.831103+00:00,2026-07-28
2026-06-03,2026-06-03,ai_computer,ai_computer_etf_flow,159819,AI ETF candidate,1.989,2.088,1.985,2.038,5495611.0,1123093110.137,3.45,4.82,,,,,eastmoney,push2his bulk kline curl fallback after AKShare TLS failure,market_history_backfill_v0_10_77,2026-07-28T06:10:48.831103+00:00,true,eastmoney,push2his bulk kline curl fallback after AKShare TLS failure,2026-07-28T06:10:48.831103+00:00,2026-07-28T06:10:48.831103+00:00,2026-07-28
2026-06-03,2026-06-03,consumer,consumer_etf_flow,159928,Consumer ETF candidate,0.678,0.678,0.664,0.67,6409244.0,427991498.7,-1.47,2.77,,,,,eastmoney,push2his bulk kline curl fallback after AKShare TLS failure,market_history_backfill_v0_10_77,2026-07-28T06:10:48.831103+00:00,true,eastmoney,push2his bulk kline curl fallback after AKShare TLS failure,2026-07-28T06:10:48.831103+00:00,2026-07-28T06:10:48.831103+00:00,2026-07-28
2026-06-03,2026-06-03,brokerage,brokerage_etf_flow,512000,Brokerage ETF candidate,0.494,0.5,0.49,0.495,25974706.0,1286156815.0,0.0,3.41,,,,,eastmoney,push2his bulk kline curl fallback after AKShare TLS failure,market_history_backfill_v0_10_77,2026-07-28T06:10:48.831103+00:00,true,eastmoney,push2his bulk kline curl fallback after AKShare TLS failure,2026-07-28T06:10:48.831103+00:00,2026-07-28T06:10:48.831103+00:00,2026-07-28
2026-06-03,2026-06-03,healthcare_pharma,healthcare_pharma_etf_flow,512010,Healthcare ETF candidate,0.335,0.335,0.329,0.33,20239445.0,669427167.0,-1.79,4.36,,,,,eastmoney,push2his bulk kline curl fallback after AKShare TLS failure,market_history_backfill_v0_10_77,2026-07-28T06:10:48.831103+00:00,true,eastmoney,push2his bulk kline curl fallback after AKShare TLS failure,2026-07-28T06:10:48.831103+00:00,2026-07-28T06:10:48.831103+00:00,2026-07-28
2026-06-03,2026-06-03,real_estate_infra,real_estate_infra_etf_flow,512200,Real estate ETF candidate,1.332,1.333,1.31,1.316,849040.0,111824786.0,-1.2,3.05,,,,,eastmoney,push2his bulk kline curl fallback after AKShare TLS failure,market_history_backfill_v0_10_77,2026-07-28T06:10:48.831103+00:00,true,eastmoney,push2his bulk kline curl fallback after AKShare TLS failure,2026-07-28T06:10:48.831103+00:00,2026-07-28T06:10:48.831103+00:00,2026-07-28
2026-06-03,2026-06-03,resources_materials,resources_materials_etf_flow,512400,Non-ferrous metals ETF candidate,1.997,2.054,1.988,2.032,6251299.0,1270392951.0,0.84,4.91,,,,,eastmoney,push2his bulk kline curl fallback after AKShare TLS failure,market_history_backfill_v0_10_77,2026-07-28T06:10:48.831103+00:00,true,eastmoney,push2his bulk kline curl fallback after AKShare TLS failure,2026-07-28T06:10:48.831103+00:00,2026-07-28T06:10:48.831103+00:00,2026-07-28
2026-06-03,2026-06-03,semiconductor,semiconductor_etf_flow,512480,Semiconductor ETF candidate,2.085,2.205,2.085,2.15,9635151.0,2075032530.0,3.37,5.15,,,,,eastmoney,push2his bulk kline curl fallback after AKShare TLS failure,market_history_backfill_v0_10_77,2026-07-28T06:10:48.831103+00:00,true,eastmoney,push2his bulk kline curl fallback after AKShare TLS failure,2026-07-28T06:10:48.831103+00:00,2026-07-28T06:10:48.831103+00:00,2026-07-28
2026-06-03,2026-06-03,defense_military,defense_military_etf_flow,512660,Defense ETF candidate,1.263,1.293,1.261,1.273,4798984.0,613223106.0,0.47,8.36,,,,,eastmoney,push2his bulk kline curl fallback after AKShare TLS failure,market_history_backfill_v0_10_77,2026-07-28T06:10:48.831103+00:00,true,eastmoney,push2his bulk kline curl fallback after AKShare TLS failure,2026-07-28T06:10:48.831103+00:00,2026-07-28T06:10:48.831103+00:00,2026-07-28
2026-06-03,2026-06-03,bank_insurance,bank_insurance_etf_flow,512800,Bank ETF candidate,0.788,0.789,0.778,0.783,8585319.0,671932268.0,-0.89,6.06,,,,,eastmoney,push2his bulk kline curl fallback after AKShare TLS failure,market_history_backfill_v0_10_77,2026-07-28T06:10:48.831103+00:00,true,eastmoney,push2his bulk kline curl fallback after AKShare TLS failure,2026-07-28T06:10:48.831103+00:00,2026-07-28T06:10:48.831103+00:00,2026-07-28
2026-06-03,2026-06-03,new_energy_ev,new_energy_ev_etf_flow,515030,New energy vehicle ETF candidate,1.939,1.951,1.904,1.922,1450736.0,279992350.0,-1.13,9.14,,,,,eastmoney,push2his bulk kline curl fallback after AKShare TLS failure,market_history_backfill_v0_10_77,2026-07-28T06:10:48.831103+00:00,true,eastmoney,push2his bulk kline curl fallback after AKShare TLS failure,2026-07-28T06:10:48.831103+00:00,2026-07-28T06:10:48.831103+00:00,2026-07-28
2026-06-03,2026-06-03,communication_electronics,communication_electronics_etf_flow,515880,Communication ETF candidate,1.67,1.775,1.67,1.716,34086257.0,5859590798.0,4.95,5.14,,,,,eastmoney,push2his bulk kline curl fallback after AKShare TLS failure,market_history_backfill_v0_10_77,2026-07-28T06:10:48.831103+00:00,true,eastmoney,push2his bulk kline curl fallback after AKShare TLS failure,2026-07-28T06:10:48.831103+00:00,2026-07-28T06:10:48.831103+00:00,2026-07-28
2026-06-04,2026-06-04,ai_computer,ai_computer_etf_flow,159819,AI ETF candidate,2.005,2.039,1.999,2.022,3115958.0,630163616.398,-0.79,2.73,,,,,eastmoney,push2his bulk kline curl fallback after AKShare TLS failure,market_history_backfill_v0_10_77,2026-07-28T06:10:48.831103+00:00,true,eastmoney,push2his bulk kline curl fallback after AKShare TLS failure,2026-07-28T06:10:48.831103+00:00,2026-07-28T06:10:48.831103+00:00,2026-07-28
2026-06-04,2026-06-04,consumer,consumer_etf_flow,159928,Consumer ETF candidate,0.668,0.673,0.658,0.659,4348615.0,288631180.171,-1.64,1.88,,,,,eastmoney,push2his bulk kline curl fallback after AKShare TLS failure,market_history_backfill_v0_10_77,2026-07-28T06:10:48.831103+00:00,true,eastmoney,push2his bulk kline curl fallback after AKShare TLS failure,2026-07-28T06:10:48.831103+00:00,2026-07-28T06:10:48.831103+00:00,2026-07-28
2026-06-04,2026-06-04,brokerage,brokerage_etf_flow,512000,Brokerage ETF candidate,0.492,0.497,0.485,0.488,22625517.0,1107612349.0,-1.41,2.97,,,,,eastmoney,push2his bulk kline curl fallback after AKShare TLS failure,market_history_backfill_v0_10_77,2026-07-28T06:10:48.831103+00:00,true,eastmoney,push2his bulk kline curl fallback after AKShare TLS failure,2026-07-28T06:10:48.831103+00:00,2026-07-28T06:10:48.831103+00:00,2026-07-28
2026-06-04,2026-06-04,healthcare_pharma,healthcare_pharma_etf_flow,512010,Healthcare ETF candidate,0.328,0.33,0.323,0.325,14319360.0,466486590.0,-1.52,3.09,,,,,eastmoney,push2his bulk kline curl fallback after AKShare TLS failure,market_history_backfill_v0_10_77,2026-07-28T06:10:48.831103+00:00,true,eastmoney,push2his bulk kline curl fallback after AKShare TLS failure,2026-07-28T06:10:48.831103+00:00,2026-07-28T06:10:48.831103+00:00,2026-07-28
2026-06-04,2026-06-04,real_estate_infra,real_estate_infra_etf_flow,512200,Real estate ETF candidate,1.308,1.329,1.298,1.306,743737.0,97532379.0,-0.76,2.67,,,,,eastmoney,push2his bulk kline curl fallback after AKShare TLS failure,market_history_backfill_v0_10_77,2026-07-28T06:10:48.831103+00:00,true,eastmoney,push2his bulk kline curl fallback after AKShare TLS failure,2026-07-28T06:10:48.831103+00:00,2026-07-28T06:10:48.831103+00:00,2026-07-28
2026-06-04,2026-06-04,resources_materials,resources_materials_etf_flow,512400,Non-ferrous metals ETF candidate,2.004,2.007,1.958,1.97,4819733.0,949645144.0,-3.05,3.78,,,,,eastmoney,push2his bulk kline curl fallback after AKShare TLS failure,market_history_backfill_v0_10_77,2026-07-28T06:10:48.831103+00:00,true,eastmoney,push2his bulk kline curl fallback after AKShare TLS failure,2026-07-28T06:10:48.831103+00:00,2026-07-28T06:10:48.831103+00:00,2026-07-28
2026-06-04,2026-06-04,semiconductor,semiconductor_etf_flow,512480,Semiconductor ETF candidate,2.11,2.21,2.11,2.193,6711546.0,1465247583.0,2.0,3.59,,,,,eastmoney,push2his bulk kline curl fallback after AKShare TLS failure,market_history_backfill_v0_10_77,2026-07-28T06:10:48.831103+00:00,true,eastmoney,push2his bulk kline curl fallback after AKShare TLS failure,2026-07-28T06:10:48.831103+00:00,2026-07-28T06:10:48.831103+00:00,2026-07-28
2026-06-04,2026-06-04,defense_military,defense_military_etf_flow,512660,Defense ETF candidate,1.263,1.285,1.261,1.278,1793190.0,228845968.0,0.39,3.13,,,,,eastmoney,push2his bulk kline curl fallback after AKShare TLS failure,market_history_backfill_v0_10_77,2026-07-28T06:10:48.831103+00:00,true,eastmoney,push2his bulk kline curl fallback after AKShare TLS failure,2026-07-28T06:10:48.831103+00:00,2026-07-28T06:10:48.831103+00:00,2026-07-28
2026-06-04,2026-06-04,bank_insurance,bank_insurance_etf_flow,512800,Bank ETF candidate,0.782,0.786,0.772,0.774,5695287.0,442927171.0,-1.15,4.02,,,,,eastmoney,push2his bulk kline curl fallback after AKShare TLS failure,market_history_backfill_v0_10_77,2026-07-28T06:10:48.831103+00:00,true,eastmoney,push2his bulk kline curl fallback after AKShare TLS failure,2026-07-28T06:10:48.831103+00:00,2026-07-28T06:10:48.831103+00:00,2026-07-28
2026-06-04,2026-06-04,new_energy_ev,new_energy_ev_etf_flow,515030,New energy vehicle ETF candidate,1.904,1.909,1.878,1.884,5131451.0,970599869.0,-1.98,32.35,,,,,eastmoney,push2his bulk kline curl fallback after AKShare TLS failure,market_history_backfill_v0_10_77,2026-07-28T06:10:48.831103+00:00,true,eastmoney,push2his bulk kline curl fallback after AKShare TLS failure,2026-07-28T06:10:48.831103+00:00,2026-07-28T06:10:48.831103+00:00,2026-07-28
2026-06-04,2026-06-04,communication_electronics,communication_electronics_etf_flow,515880,Communication ETF candidate,1.675,1.723,1.675,1.708,26035313.0,4439109346.0,-0.47,3.93,,,,,eastmoney,push2his bulk kline curl fallback after AKShare TLS failure,market_history_backfill_v0_10_77,2026-07-28T06:10:48.831103+00:00,true,eastmoney,push2his bulk kline curl fallback after AKShare TLS failure,2026-07-28T06:10:48.831103+00:00,2026-07-28T06:10:48.831103+00:00,2026-07-28
2026-06-05,2026-06-05,ai_computer,ai_computer_etf_flow,159819,AI ETF candidate,2.007,2.045,1.934,1.952,5511457.0,1092380718.107,-3.46,4.83,,,,,eastmoney,push2his bulk kline curl fallback after AKShare TLS failure,market_history_backfill_v0_10_77,2026-07-28T06:10:48.831103+00:00,true,eastmoney,push2his bulk kline curl fallback after AKShare TLS failure,2026-07-28T06:10:48.831103+00:00,2026-07-28T06:10:48.831103+00:00,2026-07-28
2026-06-05,2026-06-05,consumer,consumer_etf_flow,159928,Consumer ETF candidate,0.659,0.668,0.656,0.658,4829841.0,318965210.998,-0.15,2.09,,,,,eastmoney,push2his bulk kline curl fallback after AKShare TLS failure,market_history_backfill_v0_10_77,2026-07-28T06:10:48.831103+00:00,true,eastmoney,push2his bulk kline curl fallback after AKShare TLS failure,2026-07-28T06:10:48.831103+00:00,2026-07-28T06:10:48.831103+00:00,2026-07-28
2026-06-05,2026-06-05,brokerage,brokerage_etf_flow,512000,Brokerage ETF candidate,0.488,0.494,0.485,0.485,17882981.0,874300699.0,-0.61,2.35,,,,,eastmoney,push2his bulk kline curl fallback after AKShare TLS failure,market_history_backfill_v0_10_77,2026-07-28T06:10:48.831103+00:00,true,eastmoney,push2his bulk kline curl fallback after AKShare TLS failure,2026-07-28T06:10:48.831103+00:00,2026-07-28T06:10:48.831103+00:00,2026-07-28
2026-06-05,2026-06-05,healthcare_pharma,healthcare_pharma_etf_flow,512010,Healthcare ETF candidate,0.327,0.334,0.326,0.327,17489092.0,577027348.0,0.62,3.77,,,,,eastmoney,push2his bulk kline curl fallback after AKShare TLS failure,market_history_backfill_v0_10_77,2026-07-28T06:10:48.831103+00:00,true,eastmoney,push2his bulk kline curl fallback after AKShare TLS failure,2026-07-28T06:10:48.831103+00:00,2026-07-28T06:10:48.831103+00:00,2026-07-28
2026-06-05,2026-06-05,real_estate_infra,real_estate_infra_etf_flow,512200,Real estate ETF candidate,1.306,1.32,1.293,1.297,1064211.0,138989369.0,-0.69,3.82,,,,,eastmoney,push2his bulk kline curl fallback after AKShare TLS failure,market_history_backfill_v0_10_77,2026-07-28T06:10:48.831103+00:00,true,eastmoney,push2his bulk kline curl fallback after AKShare TLS failure,2026-07-28T06:10:48.831103+00:00,2026-07-28T06:10:48.831103+00:00,2026-07-28
2026-06-05,2026-06-05,resources_materials,resources_materials_etf_flow,512400,Non-ferrous metals ETF candidate,1.95,1.983,1.917,1.926,4577961.0,892310074.0,-2.23,3.6,,,,,eastmoney,push2his bulk kline curl fallback after AKShare TLS failure,market_history_backfill_v0_10_77,2026-07-28T06:10:48.831103+00:00,true,eastmoney,push2his bulk kline curl fallback after AKShare TLS failure,2026-07-28T06:10:48.831103+00:00,2026-07-28T06:10:48.831103+00:00,2026-07-28
2026-06-05,2026-06-05,semiconductor,semiconductor_etf_flow,512480,Semiconductor ETF candidate,2.15,2.182,2.077,2.091,7219129.0,1537021184.0,-4.65,3.86,,,,,eastmoney,push2his bulk kline curl fallback after AKShare TLS failure,market_history_backfill_v0_10_77,2026-07-28T06:10:48.831103+00:00,true,eastmoney,push2his bulk kline curl fallback after AKShare TLS failure,2026-07-28T06:10:48.831103+00:00,2026-07-28T06:10:48.831103+00:00,2026-07-28
2026-06-05,2026-06-05,defense_military,defense_military_etf_flow,512660,Defense ETF candidate,1.279,1.295,1.262,1.274,2849691.0,364848414.0,-0.31,4.97,,,,,eastmoney,push2his bulk kline curl fallback after AKShare TLS failure,market_history_backfill_v0_10_77,2026-07-28T06:10:48.831103+00:00,true,eastmoney,push2his bulk kline curl fallback after AKShare TLS failure,2026-07-28T06:10:48.831103+00:00,2026-07-28T06:10:48.831103+00:00,2026-07-28
2026-06-05,2026-06-05,bank_insurance,bank_insurance_etf_flow,512800,Bank ETF candidate,0.775,0.786,0.774,0.784,8765300.0,686113997.0,1.29,6.19,,,,,eastmoney,push2his bulk kline curl fallback after AKShare TLS failure,market_history_backfill_v0_10_77,2026-07-28T06:10:48.831103+00:00,true,eastmoney,push2his bulk kline curl fallback after AKShare TLS failure,2026-07-28T06:10:48.831103+00:00,2026-07-28T06:10:48.831103+00:00,2026-07-28
2026-06-05,2026-06-05,new_energy_ev,new_energy_ev_etf_flow,515030,New energy vehicle ETF candidate,1.884,1.905,1.84,1.868,1509020.0,281398949.0,-0.85,9.51,,,,,eastmoney,push2his bulk kline curl fallback after AKShare TLS failure,market_history_backfill_v0_10_77,2026-07-28T06:10:48.831103+00:00,true,eastmoney,push2his bulk kline curl fallback after AKShare TLS failure,2026-07-28T06:10:48.831103+00:00,2026-07-28T06:10:48.831103+00:00,2026-07-28
2026-06-05,2026-06-05,communication_electronics,communication_electronics_etf_flow,515880,Communication ETF candidate,1.697,1.768,1.642,1.663,39452939.0,6709563036.0,-2.63,5.95,,,,,eastmoney,push2his bulk kline curl fallback after AKShare TLS failure,market_history_backfill_v0_10_77,2026-07-28T06:10:48.831103+00:00,true,eastmoney,push2his bulk kline curl fallback after AKShare TLS failure,2026-07-28T06:10:48.831103+00:00,2026-07-28T06:10:48.831103+00:00,2026-07-28
2026-06-08,2026-06-08,ai_computer,ai_computer_etf_flow,159819,AI ETF candidate,1.856,1.923,1.856,1.876,3710191.0,700814102.261,-3.89,3.25,,,,,eastmoney,push2his bulk kline curl fallback after AKShare TLS failure,market_history_backfill_v0_10_77,2026-07-28T06:10:48.831103+00:00,true,eastmoney,push2his bulk kline curl fallback after AKShare TLS failure,2026-07-28T06:10:48.831103+00:00,2026-07-28T06:10:48.831103+00:00,2026-07-28
2026-06-08,2026-06-08,consumer,consumer_etf_flow,159928,Consumer ETF candidate,0.656,0.659,0.642,0.646,5378824.0,349351362.257,-1.82,2.33,,,,,eastmoney,push2his bulk kline curl fallback after AKShare TLS failure,market_history_backfill_v0_10_77,2026-07-28T06:10:48.831103+00:00,true,eastmoney,push2his bulk kline curl fallback after AKShare TLS failure,2026-07-28T06:10:48.831103+00:00,2026-07-28T06:10:48.831103+00:00,2026-07-28
2026-06-08,2026-06-08,brokerage,brokerage_etf_flow,512000,Brokerage ETF candidate,0.481,0.486,0.476,0.477,24569597.0,1181679789.0,-1.65,3.23,,,,,eastmoney,push2his bulk kline curl fallback after AKShare TLS failure,market_history_backfill_v0_10_77,2026-07-28T06:10:48.831103+00:00,true,eastmoney,push2his bulk kline curl fallback after AKShare TLS failure,2026-07-28T06:10:48.831103+00:00,2026-07-28T06:10:48.831103+00:00,2026-07-28
2026-06-08,2026-06-08,healthcare_pharma,healthcare_pharma_etf_flow,512010,Healthcare ETF candidate,0.325,0.328,0.318,0.322,17313034.0,558093316.0,-1.53,3.73,,,,,eastmoney,push2his bulk kline curl fallback after AKShare TLS failure,market_history_backfill_v0_10_77,2026-07-28T06:10:48.831103+00:00,true,eastmoney,push2his bulk kline curl fallback after AKShare TLS failure,2026-07-28T06:10:48.831103+00:00,2026-07-28T06:10:48.831103+00:00,2026-07-28
2026-06-08,2026-06-08,real_estate_infra,real_estate_infra_etf_flow,512200,Real estate ETF candidate,1.28,1.296,1.251,1.262,732517.0,93235371.0,-2.7,2.63,,,,,eastmoney,push2his bulk kline curl fallback after AKShare TLS failure,market_history_backfill_v0_10_77,2026-07-28T06:10:48.831103+00:00,true,eastmoney,push2his bulk kline curl fallback after AKShare TLS failure,2026-07-28T06:10:48.831103+00:00,2026-07-28T06:10:48.831103+00:00,2026-07-28
2026-06-08,2026-06-08,resources_materials,resources_materials_etf_flow,512400,Non-ferrous metals ETF candidate,1.844,1.876,1.792,1.82,7037861.0,1292192322.0,-5.5,5.53,,,,,eastmoney,push2his bulk kline curl fallback after AKShare TLS failure,market_history_backfill_v0_10_77,2026-07-28T06:10:48.831103+00:00,true,eastmoney,push2his bulk kline curl fallback after AKShare TLS failure,2026-07-28T06:10:48.831103+00:00,2026-07-28T06:10:48.831103+00:00,2026-07-28
2026-06-08,2026-06-08,semiconductor,semiconductor_etf_flow,512480,Semiconductor ETF candidate,1.986,2.053,1.975,1.995,8158831.0,1642053251.0,-4.59,4.36,,,,,eastmoney,push2his bulk kline curl fallback after AKShare TLS failure,market_history_backfill_v0_10_77,2026-07-28T06:10:48.831103+00:00,true,eastmoney,push2his bulk kline curl fallback after AKShare TLS failure,2026-07-28T06:10:48.831103+00:00,2026-07-28T06:10:48.831103+00:00,2026-07-28
2026-06-08,2026-06-08,defense_military,defense_military_etf_flow,512660,Defense ETF candidate,1.25,1.268,1.209,1.22,2930050.0,362909767.0,-4.24,5.11,,,,,eastmoney,push2his bulk kline curl fallback after AKShare TLS failure,market_history_backfill_v0_10_77,2026-07-28T06:10:48.831103+00:00,true,eastmoney,push2his bulk kline curl fallback after AKShare TLS failure,2026-07-28T06:10:48.831103+00:00,2026-07-28T06:10:48.831103+00:00,2026-07-28
2026-06-08,2026-06-08,bank_insurance,bank_insurance_etf_flow,512800,Bank ETF candidate,0.786,0.793,0.78,0.789,11914830.0,938390378.0,0.64,8.42,,,,,eastmoney,push2his bulk kline curl fallback after AKShare TLS failure,market_history_backfill_v0_10_77,2026-07-28T06:10:48.831103+00:00,true,eastmoney,push2his bulk kline curl fallback after AKShare TLS failure,2026-07-28T06:10:48.831103+00:00,2026-07-28T06:10:48.831103+00:00,2026-07-28
2026-06-08,2026-06-08,new_energy_ev,new_energy_ev_etf_flow,515030,New energy vehicle ETF candidate,1.844,1.859,1.792,1.82,1282552.0,234740888.0,-2.57,8.08,,,,,eastmoney,push2his bulk kline curl fallback after AKShare TLS failure,market_history_backfill_v0_10_77,2026-07-28T06:10:48.831103+00:00,true,eastmoney,push2his bulk kline curl fallback after AKShare TLS failure,2026-07-28T06:10:48.831103+00:00,2026-07-28T06:10:48.831103+00:00,2026-07-28
2026-06-08,2026-06-08,communication_electronics,communication_electronics_etf_flow,515880,Communication ETF candidate,1.58,1.651,1.579,1.601,40255555.0,6490724527.0,-3.73,6.07,,,,,eastmoney,push2his bulk kline curl fallback after AKShare TLS failure,market_history_backfill_v0_10_77,2026-07-28T06:10:48.831103+00:00,true,eastmoney,push2his bulk kline curl fallback after AKShare TLS failure,2026-07-28T06:10:48.831103+00:00,2026-07-28T06:10:48.831103+00:00,2026-07-28
2026-06-09,2026-06-09,ai_computer,ai_computer_etf_flow,159819,AI ETF candidate,1.912,1.947,1.88,1.94,3153151.0,604693496.966,3.41,2.76,,,,,eastmoney,push2his bulk kline curl fallback after AKShare TLS failure,market_history_backfill_v0_10_77,2026-07-28T06:10:48.831103+00:00,true,eastmoney,push2his bulk kline curl fallback after AKShare TLS failure,2026-07-28T06:10:48.831103+00:00,2026-07-28T06:10:48.831103+00:00,2026-07-28
2026-06-09,2026-06-09,consumer,consumer_etf_flow,159928,Consumer ETF candidate,0.645,0.649,0.641,0.644,3574829.0,230357941.925,-0.31,1.55,,,,,eastmoney,push2his bulk kline curl fallback after AKShare TLS failure,market_history_backfill_v0_10_77,2026-07-28T06:10:48.831103+00:00,true,eastmoney,push2his bulk kline curl fallback after AKShare TLS failure,2026-07-28T06:10:48.831103+00:00,2026-07-28T06:10:48.831103+00:00,2026-07-28
2026-06-09,2026-06-09,brokerage,brokerage_etf_flow,512000,Brokerage ETF candidate,0.478,0.481,0.474,0.48,16614461.0,793881329.0,0.63,2.18,,,,,eastmoney,push2his bulk kline curl fallback after AKShare TLS failure,market_history_backfill_v0_10_77,2026-07-28T06:10:48.831103+00:00,true,eastmoney,push2his bulk kline curl fallback after AKShare TLS failure,2026-07-28T06:10:48.831103+00:00,2026-07-28T06:10:48.831103+00:00,2026-07-28
2026-06-09,2026-06-09,healthcare_pharma,healthcare_pharma_etf_flow,512010,Healthcare ETF candidate,0.32,0.321,0.315,0.32,18365606.0,583628161.0,-0.62,3.96,,,,,eastmoney,push2his bulk kline curl fallback after AKShare TLS failure,market_history_backfill_v0_10_77,2026-07-28T06:10:48.831103+00:00,true,eastmoney,push2his bulk kline curl fallback after AKShare TLS failure,2026-07-28T06:10:48.831103+00:00,2026-07-28T06:10:48.831103+00:00,2026-07-28
2026-06-09,2026-06-09,real_estate_infra,real_estate_infra_etf_flow,512200,Real estate ETF candidate,1.266,1.275,1.244,1.263,1058741.0,132615432.0,0.08,3.8,,,,,eastmoney,push2his bulk kline curl fallback after AKShare TLS failure,market_history_backfill_v0_10_77,2026-07-28T06:10:48.831103+00:00,true,eastmoney,push2his bulk kline curl fallback after AKShare TLS failure,2026-07-28T06:10:48.831103+00:00,2026-07-28T06:10:48.831103+00:00,2026-07-28
2026-06-09,2026-06-09,resources_materials,resources_materials_etf_flow,512400,Non-ferrous metals ETF candidate,1.829,1.874,1.792,1.869,6040614.0,1101755024.0,2.69,4.74,,,,,eastmoney,push2his bulk kline curl fallback after AKShare TLS failure,market_history_backfill_v0_10_77,2026-07-28T06:10:48.831103+00:00,true,eastmoney,push2his bulk kline curl fallback after AKShare TLS failure,2026-07-28T06:10:48.831103+00:00,2026-07-28T06:10:48.831103+00:00,2026-07-28
2026-06-09,2026-06-09,semiconductor,semiconductor_etf_flow,512480,Semiconductor ETF candidate,2.048,2.113,2.019,2.109,8309109.0,1720069024.0,5.71,4.44,,,,,eastmoney,push2his bulk kline curl fallback after AKShare TLS failure,market_history_backfill_v0_10_77,2026-07-28T06:10:48.831103+00:00,true,eastmoney,push2his bulk kline curl fallback after AKShare TLS failure,2026-07-28T06:10:48.831103+00:00,2026-07-28T06:10:48.831103+00:00,2026-07-28
2026-06-09,2026-06-09,defense_military,defense_military_etf_flow,512660,Defense ETF candidate,1.226,1.236,1.21,1.235,2000054.0,244614188.0,1.23,3.49,,,,,eastmoney,push2his bulk kline curl fallback after AKShare TLS failure,market_history_backfill_v0_10_77,2026-07-28T06:10:48.831103+00:00,true,eastmoney,push2his bulk kline curl fallback after AKShare TLS failure,2026-07-28T06:10:48.831103+00:00,2026-07-28T06:10:48.831103+00:00,2026-07-28
2026-06-09,2026-06-09,bank_insurance,bank_insurance_etf_flow,512800,Bank ETF candidate,0.785,0.798,0.784,0.792,17928238.0,1421906301.0,0.38,12.66,,,,,eastmoney,push2his bulk kline curl fallback after AKShare TLS failure,market_history_backfill_v0_10_77,2026-07-28T06:10:48.831103+00:00,true,eastmoney,push2his bulk kline curl fallback after AKShare TLS failure,2026-07-28T06:10:48.831103+00:00,2026-07-28T06:10:48.831103+00:00,2026-07-28
2026-06-09,2026-06-09,new_energy_ev,new_energy_ev_etf_flow,515030,New energy vehicle ETF candidate,1.825,1.877,1.804,1.87,1340465.0,245374022.0,2.75,8.45,,,,,eastmoney,push2his bulk kline curl fallback after AKShare TLS failure,market_history_backfill_v0_10_77,2026-07-28T06:10:48.831103+00:00,true,eastmoney,push2his bulk kline curl fallback after AKShare TLS failure,2026-07-28T06:10:48.831103+00:00,2026-07-28T06:10:48.831103+00:00,2026-07-28
2026-06-09,2026-06-09,communication_electronics,communication_electronics_etf_flow,515880,Communication ETF candidate,1.632,1.696,1.618,1.695,30816516.0,5113027527.0,5.87,4.65,,,,,eastmoney,push2his bulk kline curl fallback after AKShare TLS failure,market_history_backfill_v0_10_77,2026-07-28T06:10:48.831103+00:00,true,eastmoney,push2his bulk kline curl fallback after AKShare TLS failure,2026-07-28T06:10:48.831103+00:00,2026-07-28T06:10:48.831103+00:00,2026-07-28
2026-06-10,2026-06-10,ai_computer,ai_computer_etf_flow,159819,AI ETF candidate,1.926,1.966,1.888,1.901,2562852.0,492436342.88,-2.01,2.25,,,,,eastmoney,push2his bulk kline curl fallback after AKShare TLS failure,market_history_backfill_v0_10_77,2026-07-28T06:10:48.831103+00:00,true,eastmoney,push2his bulk kline curl fallback after AKShare TLS failure,2026-07-28T06:10:48.831103+00:00,2026-07-28T06:10:48.831103+00:00,2026-07-28
2026-06-10,2026-06-10,consumer,consumer_etf_flow,159928,Consumer ETF candidate,0.643,0.653,0.641,0.65,4023846.0,261127095.901,0.93,1.74,,,,,eastmoney,push2his bulk kline curl fallback after AKShare TLS failure,market_history_backfill_v0_10_77,2026-07-28T06:10:48.831103+00:00,true,eastmoney,push2his bulk kline curl fallback after AKShare TLS failure,2026-07-28T06:10:48.831103+00:00,2026-07-28T06:10:48.831103+00:00,2026-07-28
2026-06-10,2026-06-10,brokerage,brokerage_etf_flow,512000,Brokerage ETF candidate,0.478,0.488,0.477,0.487,21278963.0,1027472995.0,1.46,2.8,,,,,eastmoney,push2his bulk kline curl fallback after AKShare TLS failure,market_history_backfill_v0_10_77,2026-07-28T06:10:48.831103+00:00,true,eastmoney,push2his bulk kline curl fallback after AKShare TLS failure,2026-07-28T06:10:48.831103+00:00,2026-07-28T06:10:48.831103+00:00,2026-07-28
2026-06-10,2026-06-10,healthcare_pharma,healthcare_pharma_etf_flow,512010,Healthcare ETF candidate,0.318,0.326,0.317,0.325,16281316.0,525484641.0,1.56,3.51,,,,,eastmoney,push2his bulk kline curl fallback after AKShare TLS failure,market_history_backfill_v0_10_77,2026-07-28T06:10:48.831103+00:00,true,eastmoney,push2his bulk kline curl fallback after AKShare TLS failure,2026-07-28T06:10:48.831103+00:00,2026-07-28T06:10:48.831103+00:00,2026-07-28
2026-06-10,2026-06-10,real_estate_infra,real_estate_infra_etf_flow,512200,Real estate ETF candidate,1.257,1.268,1.253,1.264,643180.0,81072431.0,0.08,2.31,,,,,eastmoney,push2his bulk kline curl fallback after AKShare TLS failure,market_history_backfill_v0_10_77,2026-07-28T06:10:48.831103+00:00,true,eastmoney,push2his bulk kline curl fallback after AKShare TLS failure,2026-07-28T06:10:48.831103+00:00,2026-07-28T06:10:48.831103+00:00,2026-07-28
2026-06-10,2026-06-10,resources_materials,resources_materials_etf_flow,512400,Non-ferrous metals ETF candidate,1.823,1.864,1.82,1.843,4417864.0,812289814.0,-1.39,3.47,,,,,eastmoney,push2his bulk kline curl fallback after AKShare TLS failure,market_history_backfill_v0_10_77,2026-07-28T06:10:48.831103+00:00,true,eastmoney,push2his bulk kline curl fallback after AKShare TLS failure,2026-07-28T06:10:48.831103+00:00,2026-07-28T06:10:48.831103+00:00,2026-07-28
2026-06-10,2026-06-10,semiconductor,semiconductor_etf_flow,512480,Semiconductor ETF candidate,2.077,2.171,2.07,2.1,6577005.0,1395385535.0,-0.43,3.52,,,,,eastmoney,push2his bulk kline curl fallback after AKShare TLS failure,market_history_backfill_v0_10_77,2026-07-28T06:10:48.831103+00:00,true,eastmoney,push2his bulk kline curl fallback after AKShare TLS failure,2026-07-28T06:10:48.831103+00:00,2026-07-28T06:10:48.831103+00:00,2026-07-28
2026-06-10,2026-06-10,defense_military,defense_military_etf_flow,512660,Defense ETF candidate,1.227,1.241,1.208,1.222,2416723.0,295102740.0,-1.05,4.21,,,,,eastmoney,push2his bulk kline curl fallback after AKShare TLS failure,market_history_backfill_v0_10_77,2026-07-28T06:10:48.831103+00:00,true,eastmoney,push2his bulk kline curl fallback after AKShare TLS failure,2026-07-28T06:10:48.831103+00:00,2026-07-28T06:10:48.831103+00:00,2026-07-28
2026-06-10,2026-06-10,bank_insurance,bank_insurance_etf_flow,512800,Bank ETF candidate,0.792,0.807,0.792,0.806,15032324.0,1205078116.0,1.77,10.62,,,,,eastmoney,push2his bulk kline curl fallback after AKShare TLS failure,market_history_backfill_v0_10_77,2026-07-28T06:10:48.831103+00:00,true,eastmoney,push2his bulk kline curl fallback after AKShare TLS failure,2026-07-28T06:10:48.831103+00:00,2026-07-28T06:10:48.831103+00:00,2026-07-28
2026-06-10,2026-06-10,new_energy_ev,new_energy_ev_etf_flow,515030,New energy vehicle ETF candidate,1.855,1.863,1.808,1.827,990972.0,181383738.0,-2.3,6.25,,,,,eastmoney,push2his bulk kline curl fallback after AKShare TLS failure,market_history_backfill_v0_10_77,2026-07-28T06:10:48.831103+00:00,true,eastmoney,push2his bulk kline curl fallback after AKShare TLS failure,2026-07-28T06:10:48.831103+00:00,2026-07-28T06:10:48.831103+00:00,2026-07-28
2026-06-10,2026-06-10,communication_electronics,communication_electronics_etf_flow,515880,Communication ETF candidate,1.66,1.673,1.61,1.63,31925751.0,5233331794.0,-3.83,4.82,,,,,eastmoney,push2his bulk kline curl fallback after AKShare TLS failure,market_history_backfill_v0_10_77,2026-07-28T06:10:48.831103+00:00,true,eastmoney,push2his bulk kline curl fallback after AKShare TLS failure,2026-07-28T06:10:48.831103+00:00,2026-07-28T06:10:48.831103+00:00,2026-07-28
2026-06-11,2026-06-11,ai_computer,ai_computer_etf_flow,159819,AI ETF candidate,1.883,1.917,1.822,1.854,3193656.0,595382664.124,-2.47,2.8,,,,,eastmoney,push2his bulk kline curl fallback after AKShare TLS failure,market_history_backfill_v0_10_77,2026-07-28T06:10:48.831103+00:00,true,eastmoney,push2his bulk kline curl fallback after AKShare TLS failure,2026-07-28T06:10:48.831103+00:00,2026-07-28T06:10:48.831103+00:00,2026-07-28
2026-06-11,2026-06-11,consumer,consumer_etf_flow,159928,Consumer ETF candidate,0.65,0.651,0.643,0.65,3308834.0,214326772.2,0.0,1.43,,,,,eastmoney,push2his bulk kline curl fallback after AKShare TLS failure,market_history_backfill_v0_10_77,2026-07-28T06:10:48.831103+00:00,true,eastmoney,push2his bulk kline curl fallback after AKShare TLS failure,2026-07-28T06:10:48.831103+00:00,2026-07-28T06:10:48.831103+00:00,2026-07-28
2026-06-11,2026-06-11,brokerage,brokerage_etf_flow,512000,Brokerage ETF candidate,0.485,0.491,0.477,0.482,18370215.0,886805382.0,-1.03,2.41,,,,,eastmoney,push2his bulk kline curl fallback after AKShare TLS failure,market_history_backfill_v0_10_77,2026-07-28T06:10:48.831103+00:00,true,eastmoney,push2his bulk kline curl fallback after AKShare TLS failure,2026-07-28T06:10:48.831103+00:00,2026-07-28T06:10:48.831103+00:00,2026-07-28
2026-06-11,2026-06-11,healthcare_pharma,healthcare_pharma_etf_flow,512010,Healthcare ETF candidate,0.323,0.327,0.321,0.325,12238933.0,396676653.0,0.0,2.64,,,,,eastmoney,push2his bulk kline curl fallback after AKShare TLS failure,market_history_backfill_v0_10_77,2026-07-28T06:10:48.831103+00:00,true,eastmoney,push2his bulk kline curl fallback after AKShare TLS failure,2026-07-28T06:10:48.831103+00:00,2026-07-28T06:10:48.831103+00:00,2026-07-28
2026-06-11,2026-06-11,real_estate_infra,real_estate_infra_etf_flow,512200,Real estate ETF candidate,1.261,1.269,1.254,1.26,1000790.0,126131221.0,-0.32,3.59,,,,,eastmoney,push2his bulk kline curl fallback after AKShare TLS failure,market_history_backfill_v0_10_77,2026-07-28T06:10:48.831103+00:00,true,eastmoney,push2his bulk kline curl fallback after AKShare TLS failure,2026-07-28T06:10:48.831103+00:00,2026-07-28T06:10:48.831103+00:00,2026-07-28
2026-06-11,2026-06-11,resources_materials,resources_materials_etf_flow,512400,Non-ferrous metals ETF candidate,1.825,1.898,1.825,1.88,6814212.0,1276083660.0,2.01,5.35,,,,,eastmoney,push2his bulk kline curl fallback after AKShare TLS failure,market_history_backfill_v0_10_77,2026-07-28T06:10:48.831103+00:00,true,eastmoney,push2his bulk kline curl fallback after AKShare TLS failure,2026-07-28T06:10:48.831103+00:00,2026-07-28T06:10:48.831103+00:00,2026-07-28
2026-06-11,2026-06-11,semiconductor,semiconductor_etf_flow,512480,Semiconductor ETF candidate,2.082,2.145,2.082,2.13,6322631.0,1336248796.0,1.43,3.38,,,,,eastmoney,push2his bulk kline curl fallback after AKShare TLS failure,market_history_backfill_v0_10_77,2026-07-28T06:10:48.831103+00:00,true,eastmoney,push2his bulk kline curl fallback after AKShare TLS failure,2026-07-28T06:10:48.831103+00:00,2026-07-28T06:10:48.831103+00:00,2026-07-28
2026-06-11,2026-06-11,defense_military,defense_military_etf_flow,512660,Defense ETF candidate,1.208,1.226,1.2,1.219,2105094.0,255026380.0,-0.25,3.67,,,,,eastmoney,push2his bulk kline curl fallback after AKShare TLS failure,market_history_backfill_v0_10_77,2026-07-28T06:10:48.831103+00:00,true,eastmoney,push2his bulk kline curl fallback after AKShare TLS failure,2026-07-28T06:10:48.831103+00:00,2026-07-28T06:10:48.831103+00:00,2026-07-28
2026-06-11,2026-06-11,bank_insurance,bank_insurance_etf_flow,512800,Bank ETF candidate,0.808,0.809,0.797,0.802,15307547.0,1229474849.0,-0.5,10.81,,,,,eastmoney,push2his bulk kline curl fallback after AKShare TLS failure,market_history_backfill_v0_10_77,2026-07-28T06:10:48.831103+00:00,true,eastmoney,push2his bulk kline curl fallback after AKShare TLS failure,2026-07-28T06:10:48.831103+00:00,2026-07-28T06:10:48.831103+00:00,2026-07-28
2026-06-11,2026-06-11,new_energy_ev,new_energy_ev_etf_flow,515030,New energy vehicle ETF candidate,1.813,1.858,1.804,1.835,1085948.0,198013082.0,0.44,6.85,,,,,eastmoney,push2his bulk kline curl fallback after AKShare TLS failure,market_history_backfill_v0_10_77,2026-07-28T06:10:48.831103+00:00,true,eastmoney,push2his bulk kline curl fallback after AKShare TLS failure,2026-07-28T06:10:48.831103+00:00,2026-07-28T06:10:48.831103+00:00,2026-07-28
2026-06-11,2026-06-11,communication_electronics,communication_electronics_etf_flow,515880,Communication ETF candidate,1.616,1.662,1.56,1.603,40686116.0,6532505191.0,-1.66,6.14,,,,,eastmoney,push2his bulk kline curl fallback after AKShare TLS failure,market_history_backfill_v0_10_77,2026-07-28T06:10:48.831103+00:00,true,eastmoney,push2his bulk kline curl fallback after AKShare TLS failure,2026-07-28T06:10:48.831103+00:00,2026-07-28T06:10:48.831103+00:00,2026-07-28
2026-06-12,2026-06-12,ai_computer,ai_computer_etf_flow,159819,AI ETF candidate,1.91,1.915,1.842,1.851,2654975.0,497972914.028,-0.16,2.33,,,,,eastmoney,push2his bulk kline curl fallback after AKShare TLS failure,market_history_backfill_v0_10_77,2026-07-28T06:10:48.831103+00:00,true,eastmoney,push2his bulk kline curl fallback after AKShare TLS failure,2026-07-28T06:10:48.831103+00:00,2026-07-28T06:10:48.831103+00:00,2026-07-28
2026-06-12,2026-06-12,consumer,consumer_etf_flow,159928,Consumer ETF candidate,0.65,0.66,0.645,0.657,3403955.0,222611936.2,1.08,1.47,,,,,eastmoney,push2his bulk kline curl fallback after AKShare TLS failure,market_history_backfill_v0_10_77,2026-07-28T06:10:48.831103+00:00,true,eastmoney,push2his bulk kline curl fallback after AKShare TLS failure,2026-07-28T06:10:48.831103+00:00,2026-07-28T06:10:48.831103+00:00,2026-07-28
2026-06-12,2026-06-12,brokerage,brokerage_etf_flow,512000,Brokerage ETF candidate,0.483,0.501,0.48,0.499,34973209.0,1725802273.0,3.53,4.6,,,,,eastmoney,push2his bulk kline curl fallback after AKShare TLS failure,market_history_backfill_v0_10_77,2026-07-28T06:10:48.831103+00:00,true,eastmoney,push2his bulk kline curl fallback after AKShare TLS failure,2026-07-28T06:10:48.831103+00:00,2026-07-28T06:10:48.831103+00:00,2026-07-28
2026-06-12,2026-06-12,healthcare_pharma,healthcare_pharma_etf_flow,512010,Healthcare ETF candidate,0.326,0.334,0.322,0.332,18049068.0,592536711.0,2.15,3.89,,,,,eastmoney,push2his bulk kline curl fallback after AKShare TLS failure,market_history_backfill_v0_10_77,2026-07-28T06:10:48.831103+00:00,true,eastmoney,push2his bulk kline curl fallback after AKShare TLS failure,2026-07-28T06:10:48.831103+00:00,2026-07-28T06:10:48.831103+00:00,2026-07-28
2026-06-12,2026-06-12,real_estate_infra,real_estate_infra_etf_flow,512200,Real estate ETF candidate,1.265,1.285,1.259,1.277,1693614.0,215042177.0,1.35,6.08,,,,,eastmoney,push2his bulk kline curl fallback after AKShare TLS failure,market_history_backfill_v0_10_77,2026-07-28T06:10:48.831103+00:00,true,eastmoney,push2his bulk kline curl fallback after AKShare TLS failure,2026-07-28T06:10:48.831103+00:00,2026-07-28T06:10:48.831103+00:00,2026-07-28
2026-06-12,2026-06-12,resources_materials,resources_materials_etf_flow,512400,Non-ferrous metals ETF candidate,1.932,2.02,1.913,1.976,8888713.0,1748994682.0,5.11,6.98,,,,,eastmoney,push2his bulk kline curl fallback after AKShare TLS failure,market_history_backfill_v0_10_77,2026-07-28T06:10:48.831103+00:00,true,eastmoney,push2his bulk kline curl fallback after AKShare TLS failure,2026-07-28T06:10:48.831103+00:00,2026-07-28T06:10:48.831103+00:00,2026-07-28
2026-06-12,2026-06-12,semiconductor,semiconductor_etf_flow,512480,Semiconductor ETF candidate,2.217,2.223,2.093,2.106,7162684.0,1551462150.0,-1.13,3.83,,,,,eastmoney,push2his bulk kline curl fallback after AKShare TLS failure,market_history_backfill_v0_10_77,2026-07-28T06:10:48.831103+00:00,true,eastmoney,push2his bulk kline curl fallback after AKShare TLS failure,2026-07-28T06:10:48.831103+00:00,2026-07-28T06:10:48.831103+00:00,2026-07-28
2026-06-12,2026-06-12,defense_military,defense_military_etf_flow,512660,Defense ETF candidate,1.237,1.275,1.237,1.246,3448721.0,433915962.0,2.21,6.01,,,,,eastmoney,push2his bulk kline curl fallback after AKShare TLS failure,market_history_backfill_v0_10_77,2026-07-28T06:10:48.831103+00:00,true,eastmoney,push2his bulk kline curl fallback after AKShare TLS failure,2026-07-28T06:10:48.831103+00:00,2026-07-28T06:10:48.831103+00:00,2026-07-28
2026-06-12,2026-06-12,bank_insurance,bank_insurance_etf_flow,512800,Bank ETF candidate,0.797,0.816,0.794,0.814,15221494.0,1228487593.0,1.5,10.75,,,,,eastmoney,push2his bulk kline curl fallback after AKShare TLS failure,market_history_backfill_v0_10_77,2026-07-28T06:10:48.831103+00:00,true,eastmoney,push2his bulk kline curl fallback after AKShare TLS failure,2026-07-28T06:10:48.831103+00:00,2026-07-28T06:10:48.831103+00:00,2026-07-28
2026-06-12,2026-06-12,new_energy_ev,new_energy_ev_etf_flow,515030,New energy vehicle ETF candidate,1.845,1.898,1.842,1.868,1060627.0,198322818.0,1.8,6.69,,,,,eastmoney,push2his bulk kline curl fallback after AKShare TLS failure,market_history_backfill_v0_10_77,2026-07-28T06:10:48.831103+00:00,true,eastmoney,push2his bulk kline curl fallback after AKShare TLS failure,2026-07-28T06:10:48.831103+00:00,2026-07-28T06:10:48.831103+00:00,2026-07-28
2026-06-12,2026-06-12,communication_electronics,communication_electronics_etf_flow,515880,Communication ETF candidate,1.65,1.658,1.578,1.584,39347492.0,6340657752.0,-1.19,5.94,,,,,eastmoney,push2his bulk kline curl fallback after AKShare TLS failure,market_history_backfill_v0_10_77,2026-07-28T06:10:48.831103+00:00,true,eastmoney,push2his bulk kline curl fallback after AKShare TLS failure,2026-07-28T06:10:48.831103+00:00,2026-07-28T06:10:48.831103+00:00,2026-07-28
2026-06-15,2026-06-15,ai_computer,ai_computer_etf_flow,159819,AI ETF candidate,1.882,1.955,1.856,1.954,3977220.0,760770126.266,5.56,3.49,,,,,eastmoney,push2his bulk kline curl fallback after AKShare TLS failure,market_history_backfill_v0_10_77,2026-07-28T06:10:48.831103+00:00,true,eastmoney,push2his bulk kline curl fallback after AKShare TLS failure,2026-07-28T06:10:48.831103+00:00,2026-07-28T06:10:48.831103+00:00,2026-07-28
2026-06-15,2026-06-15,consumer,consumer_etf_flow,159928,Consumer ETF candidate,0.656,0.66,0.649,0.654,4141608.0,270781862.0,-0.46,1.79,,,,,eastmoney,push2his bulk kline curl fallback after AKShare TLS failure,market_history_backfill_v0_10_77,2026-07-28T06:10:48.831103+00:00,true,eastmoney,push2his bulk kline curl fallback after AKShare TLS failure,2026-07-28T06:10:48.831103+00:00,2026-07-28T06:10:48.831103+00:00,2026-07-28
2026-06-15,2026-06-15,brokerage,brokerage_etf_flow,512000,Brokerage ETF candidate,0.501,0.526,0.5,0.512,50486042.0,2597111244.0,2.61,6.63,,,,,eastmoney,push2his bulk kline curl fallback after AKShare TLS failure,market_history_backfill_v0_10_77,2026-07-28T06:10:48.831103+00:00,true,eastmoney,push2his bulk kline curl fallback after AKShare TLS failure,2026-07-28T06:10:48.831103+00:00,2026-07-28T06:10:48.831103+00:00,2026-07-28
2026-06-15,2026-06-15,healthcare_pharma,healthcare_pharma_etf_flow,512010,Healthcare ETF candidate,0.332,0.333,0.327,0.329,11089831.0,365522700.0,-0.9,2.39,,,,,eastmoney,push2his bulk kline curl fallback after AKShare TLS failure,market_history_backfill_v0_10_77,2026-07-28T06:10:48.831103+00:00,true,eastmoney,push2his bulk kline curl fallback after AKShare TLS failure,2026-07-28T06:10:48.831103+00:00,2026-07-28T06:10:48.831103+00:00,2026-07-28
2026-06-15,2026-06-15,real_estate_infra,real_estate_infra_etf_flow,512200,Real estate ETF candidate,1.286,1.293,1.271,1.285,534516.0,68513850.0,0.63,1.92,,,,,eastmoney,push2his bulk kline curl fallback after AKShare TLS failure,market_history_backfill_v0_10_77,2026-07-28T06:10:48.831103+00:00,true,eastmoney,push2his bulk kline curl fallback after AKShare TLS failure,2026-07-28T06:10:48.831103+00:00,2026-07-28T06:10:48.831103+00:00,2026-07-28
2026-06-15,2026-06-15,resources_materials,resources_materials_etf_flow,512400,Non-ferrous metals ETF candidate,2.039,2.1,2.009,2.063,12935426.0,2645999708.0,4.4,10.16,,,,,eastmoney,push2his bulk kline curl fallback after AKShare TLS failure,market_history_backfill_v0_10_77,2026-07-28T06:10:48.831103+00:00,true,eastmoney,push2his bulk kline curl fallback after AKShare TLS failure,2026-07-28T06:10:48.831103+00:00,2026-07-28T06:10:48.831103+00:00,2026-07-28
2026-06-15,2026-06-15,semiconductor,semiconductor_etf_flow,512480,Semiconductor ETF candidate,2.136,2.232,2.083,2.231,7697145.0,1677771091.0,5.94,4.12,,,,,eastmoney,push2his bulk kline curl fallback after AKShare TLS failure,market_history_backfill_v0_10_77,2026-07-28T06:10:48.831103+00:00,true,eastmoney,push2his bulk kline curl fallback after AKShare TLS failure,2026-07-28T06:10:48.831103+00:00,2026-07-28T06:10:48.831103+00:00,2026-07-28
2026-06-15,2026-06-15,defense_military,defense_military_etf_flow,512660,Defense ETF candidate,1.246,1.268,1.237,1.266,2500858.0,314091435.0,1.61,4.36,,,,,eastmoney,push2his bulk kline curl fallback after AKShare TLS failure,market_history_backfill_v0_10_77,2026-07-28T06:10:48.831103+00:00,true,eastmoney,push2his bulk kline curl fallback after AKShare TLS failure,2026-07-28T06:10:48.831103+00:00,2026-07-28T06:10:48.831103+00:00,2026-07-28
2026-06-15,2026-06-15,bank_insurance,bank_insurance_etf_flow,512800,Bank ETF candidate,0.812,0.815,0.8,0.802,15501968.0,1249680490.0,-1.47,10.95,,,,,eastmoney,push2his bulk kline curl fallback after AKShare TLS failure,market_history_backfill_v0_10_77,2026-07-28T06:10:48.831103+00:00,true,eastmoney,push2his bulk kline curl fallback after AKShare TLS failure,2026-07-28T06:10:48.831103+00:00,2026-07-28T06:10:48.831103+00:00,2026-07-28
2026-06-15,2026-06-15,new_energy_ev,new_energy_ev_etf_flow,515030,New energy vehicle ETF candidate,1.884,1.912,1.88,1.911,1139234.0,216083096.0,2.3,7.18,,,,,eastmoney,push2his bulk kline curl fallback after AKShare TLS failure,market_history_backfill_v0_10_77,2026-07-28T06:10:48.831103+00:00,true,eastmoney,push2his bulk kline curl fallback after AKShare TLS failure,2026-07-28T06:10:48.831103+00:00,2026-07-28T06:10:48.831103+00:00,2026-07-28
2026-06-15,2026-06-15,communication_electronics,communication_electronics_etf_flow,515880,Communication ETF candidate,1.602,1.696,1.561,1.689,38744952.0,6338415295.0,6.63,5.85,,,,,eastmoney,push2his bulk kline curl fallback after AKShare TLS failure,market_history_backfill_v0_10_77,2026-07-28T06:10:48.831103+00:00,true,eastmoney,push2his bulk kline curl fallback after AKShare TLS failure,2026-07-28T06:10:48.831103+00:00,2026-07-28T06:10:48.831103+00:00,2026-07-28
2026-06-16,2026-06-16,ai_computer,ai_computer_etf_flow,159819,AI ETF candidate,1.958,1.975,1.938,1.959,2632721.0,515240433.738,0.26,2.31,,,,,eastmoney,push2his bulk kline curl fallback after AKShare TLS failure,market_history_backfill_v0_10_77,2026-07-28T06:10:48.831103+00:00,true,eastmoney,push2his bulk kline curl fallback after AKShare TLS failure,2026-07-28T06:10:48.831103+00:00,2026-07-28T06:10:48.831103+00:00,2026-07-28
2026-06-16,2026-06-16,consumer,consumer_etf_flow,159928,Consumer ETF candidate,0.652,0.652,0.64,0.641,5292064.0,340031808.487,-1.99,2.29,,,,,eastmoney,push2his bulk kline curl fallback after AKShare TLS failure,market_history_backfill_v0_10_77,2026-07-28T06:10:48.831103+00:00,true,eastmoney,push2his bulk kline curl fallback after AKShare TLS failure,2026-07-28T06:10:48.831103+00:00,2026-07-28T06:10:48.831103+00:00,2026-07-28
2026-06-16,2026-06-16,brokerage,brokerage_etf_flow,512000,Brokerage ETF candidate,0.508,0.52,0.507,0.517,27598548.0,1421302078.0,0.98,3.63,,,,,eastmoney,push2his bulk kline curl fallback after AKShare TLS failure,market_history_backfill_v0_10_77,2026-07-28T06:10:48.831103+00:00,true,eastmoney,push2his bulk kline curl fallback after AKShare TLS failure,2026-07-28T06:10:48.831103+00:00,2026-07-28T06:10:48.831103+00:00,2026-07-28
2026-06-16,2026-06-16,healthcare_pharma,healthcare_pharma_etf_flow,512010,Healthcare ETF candidate,0.328,0.329,0.323,0.323,9354038.0,303967422.0,-1.82,2.02,,,,,eastmoney,push2his bulk kline curl fallback after AKShare TLS failure,market_history_backfill_v0_10_77,2026-07-28T06:10:48.831103+00:00,true,eastmoney,push2his bulk kline curl fallback after AKShare TLS failure,2026-07-28T06:10:48.831103+00:00,2026-07-28T06:10:48.831103+00:00,2026-07-28
2026-06-16,2026-06-16,real_estate_infra,real_estate_infra_etf_flow,512200,Real estate ETF candidate,1.284,1.284,1.258,1.259,791695.0,99986308.0,-2.02,2.84,,,,,eastmoney,push2his bulk kline curl fallback after AKShare TLS failure,market_history_backfill_v0_10_77,2026-07-28T06:10:48.831103+00:00,true,eastmoney,push2his bulk kline curl fallback after AKShare TLS failure,2026-07-28T06:10:48.831103+00:00,2026-07-28T06:10:48.831103+00:00,2026-07-28
2026-06-16,2026-06-16,resources_materials,resources_materials_etf_flow,512400,Non-ferrous metals ETF candidate,2.04,2.08,2.033,2.049,7949287.0,1636991870.0,-0.68,6.24,,,,,eastmoney,push2his bulk kline curl fallback after AKShare TLS failure,market_history_backfill_v0_10_77,2026-07-28T06:10:48.831103+00:00,true,eastmoney,push2his bulk kline curl fallback after AKShare TLS failure,2026-07-28T06:10:48.831103+00:00,2026-07-28T06:10:48.831103+00:00,2026-07-28
2026-06-16,2026-06-16,semiconductor,semiconductor_etf_flow,512480,Semiconductor ETF candidate,2.237,2.268,2.218,2.254,5899647.0,1325112674.0,1.03,3.16,,,,,eastmoney,push2his bulk kline curl fallback after AKShare TLS failure,market_history_backfill_v0_10_77,2026-07-28T06:10:48.831103+00:00,true,eastmoney,push2his bulk kline curl fallback after AKShare TLS failure,2026-07-28T06:10:48.831103+00:00,2026-07-28T06:10:48.831103+00:00,2026-07-28
2026-06-16,2026-06-16,defense_military,defense_military_etf_flow,512660,Defense ETF candidate,1.267,1.276,1.26,1.267,1954076.0,247980930.0,0.08,3.41,,,,,eastmoney,push2his bulk kline curl fallback after AKShare TLS failure,market_history_backfill_v0_10_77,2026-07-28T06:10:48.831103+00:00,true,eastmoney,push2his bulk kline curl fallback after AKShare TLS failure,2026-07-28T06:10:48.831103+00:00,2026-07-28T06:10:48.831103+00:00,2026-07-28
2026-06-16,2026-06-16,bank_insurance,bank_insurance_etf_flow,512800,Bank ETF candidate,0.8,0.802,0.79,0.792,10586862.0,841075236.0,-1.25,7.48,,,,,eastmoney,push2his bulk kline curl fallback after AKShare TLS failure,market_history_backfill_v0_10_77,2026-07-28T06:10:48.831103+00:00,true,eastmoney,push2his bulk kline curl fallback after AKShare TLS failure,2026-07-28T06:10:48.831103+00:00,2026-07-28T06:10:48.831103+00:00,2026-07-28
2026-06-16,2026-06-16,new_energy_ev,new_energy_ev_etf_flow,515030,New energy vehicle ETF candidate,1.917,1.965,1.91,1.952,989096.0,192118886.0,2.15,6.23,,,,,eastmoney,push2his bulk kline curl fallback after AKShare TLS failure,market_history_backfill_v0_10_77,2026-07-28T06:10:48.831103+00:00,true,eastmoney,push2his bulk kline curl fallback after AKShare TLS failure,2026-07-28T06:10:48.831103+00:00,2026-07-28T06:10:48.831103+00:00,2026-07-28
2026-06-16,2026-06-16,communication_electronics,communication_electronics_etf_flow,515880,Communication ETF candidate,1.692,1.75,1.688,1.729,30484283.0,5242674341.0,2.37,4.6,,,,,eastmoney,push2his bulk kline curl fallback after AKShare TLS failure,market_history_backfill_v0_10_77,2026-07-28T06:10:48.831103+00:00,true,eastmoney,push2his bulk kline curl fallback after AKShare TLS failure,2026-07-28T06:10:48.831103+00:00,2026-07-28T06:10:48.831103+00:00,2026-07-28
2026-06-17,2026-06-17,ai_computer,ai_computer_etf_flow,159819,AI ETF candidate,1.943,2.01,1.932,2.009,3472079.0,688077527.188,2.55,3.04,,,,,eastmoney,push2his bulk kline curl fallback after AKShare TLS failure,market_history_backfill_v0_10_77,2026-07-28T06:10:48.831103+00:00,true,eastmoney,push2his bulk kline curl fallback after AKShare TLS failure,2026-07-28T06:10:48.831103+00:00,2026-07-28T06:10:48.831103+00:00,2026-07-28
2026-06-17,2026-06-17,consumer,consumer_etf_flow,159928,Consumer ETF candidate,0.64,0.642,0.631,0.635,4445422.0,282010846.463,-0.94,1.92,,,,,eastmoney,push2his bulk kline curl fallback after AKShare TLS failure,market_history_backfill_v0_10_77,2026-07-28T06:10:48.831103+00:00,true,eastmoney,push2his bulk kline curl fallback after AKShare TLS failure,2026-07-28T06:10:48.831103+00:00,2026-07-28T06:10:48.831103+00:00,2026-07-28
2026-06-17,2026-06-17,brokerage,brokerage_etf_flow,512000,Brokerage ETF candidate,0.517,0.522,0.513,0.517,26339308.0,1360343907.0,0.0,3.46,,,,,eastmoney,push2his bulk kline curl fallback after AKShare TLS failure,market_history_backfill_v0_10_77,2026-07-28T06:10:48.831103+00:00,true,eastmoney,push2his bulk kline curl fallback after AKShare TLS failure,2026-07-28T06:10:48.831103+00:00,2026-07-28T06:10:48.831103+00:00,2026-07-28
2026-06-17,2026-06-17,healthcare_pharma,healthcare_pharma_etf_flow,512010,Healthcare ETF candidate,0.324,0.325,0.321,0.323,9243837.0,298134541.0,0.0,1.99,,,,,eastmoney,push2his bulk kline curl fallback after AKShare TLS failure,market_history_backfill_v0_10_77,2026-07-28T06:10:48.831103+00:00,true,eastmoney,push2his bulk kline curl fallback after AKShare TLS failure,2026-07-28T06:10:48.831103+00:00,2026-07-28T06:10:48.831103+00:00,2026-07-28
2026-06-17,2026-06-17,real_estate_infra,real_estate_infra_etf_flow,512200,Real estate ETF candidate,1.257,1.261,1.245,1.257,2989977.0,373966214.0,-0.16,10.73,,,,,eastmoney,push2his bulk kline curl fallback after AKShare TLS failure,market_history_backfill_v0_10_77,2026-07-28T06:10:48.831103+00:00,true,eastmoney,push2his bulk kline curl fallback after AKShare TLS failure,2026-07-28T06:10:48.831103+00:00,2026-07-28T06:10:48.831103+00:00,2026-07-28
2026-06-17,2026-06-17,resources_materials,resources_materials_etf_flow,512400,Non-ferrous metals ETF candidate,2.041,2.069,2.018,2.045,6735269.0,1376046204.0,-0.2,5.29,,,,,eastmoney,push2his bulk kline curl fallback after AKShare TLS failure,market_history_backfill_v0_10_77,2026-07-28T06:10:48.831103+00:00,true,eastmoney,push2his bulk kline curl fallback after AKShare TLS failure,2026-07-28T06:10:48.831103+00:00,2026-07-28T06:10:48.831103+00:00,2026-07-28
2026-06-17,2026-06-17,semiconductor,semiconductor_etf_flow,512480,Semiconductor ETF candidate,2.222,2.389,2.2,2.387,7890527.0,1817709673.0,5.9,4.22,,,,,eastmoney,push2his bulk kline curl fallback after AKShare TLS failure,market_history_backfill_v0_10_77,2026-07-28T06:10:48.831103+00:00,true,eastmoney,push2his bulk kline curl fallback after AKShare TLS failure,2026-07-28T06:10:48.831103+00:00,2026-07-28T06:10:48.831103+00:00,2026-07-28
2026-06-17,2026-06-17,defense_military,defense_military_etf_flow,512660,Defense ETF candidate,1.264,1.292,1.26,1.289,2722200.0,348998803.0,1.74,4.74,,,,,eastmoney,push2his bulk kline curl fallback after AKShare TLS failure,market_history_backfill_v0_10_77,2026-07-28T06:10:48.831103+00:00,true,eastmoney,push2his bulk kline curl fallback after AKShare TLS failure,2026-07-28T06:10:48.831103+00:00,2026-07-28T06:10:48.831103+00:00,2026-07-28
2026-06-17,2026-06-17,bank_insurance,bank_insurance_etf_flow,512800,Bank ETF candidate,0.794,0.798,0.783,0.785,12399973.0,976660730.0,-0.88,8.76,,,,,eastmoney,push2his bulk kline curl fallback after AKShare TLS failure,market_history_backfill_v0_10_77,2026-07-28T06:10:48.831103+00:00,true,eastmoney,push2his bulk kline curl fallback after AKShare TLS failure,2026-07-28T06:10:48.831103+00:00,2026-07-28T06:10:48.831103+00:00,2026-07-28
2026-06-17,2026-06-17,new_energy_ev,new_energy_ev_etf_flow,515030,New energy vehicle ETF candidate,1.946,1.956,1.92,1.943,757641.0,146827814.0,-0.46,4.78,,,,,eastmoney,push2his bulk kline curl fallback after AKShare TLS failure,market_history_backfill_v0_10_77,2026-07-28T06:10:48.831103+00:00,true,eastmoney,push2his bulk kline curl fallback after AKShare TLS failure,2026-07-28T06:10:48.831103+00:00,2026-07-28T06:10:48.831103+00:00,2026-07-28
2026-06-17,2026-06-17,communication_electronics,communication_electronics_etf_flow,515880,Communication ETF candidate,1.701,1.759,1.701,1.758,30267967.0,5247241605.0,1.68,4.57,,,,,eastmoney,push2his bulk kline curl fallback after AKShare TLS failure,market_history_backfill_v0_10_77,2026-07-28T06:10:48.831103+00:00,true,eastmoney,push2his bulk kline curl fallback after AKShare TLS failure,2026-07-28T06:10:48.831103+00:00,2026-07-28T06:10:48.831103+00:00,2026-07-28
2026-06-18,2026-06-18,ai_computer,ai_computer_etf_flow,159819,AI ETF candidate,2.009,2.121,2.001,2.11,5301296.0,1104417005.555,5.03,4.65,,,,,eastmoney,push2his bulk kline curl fallback after AKShare TLS failure,market_history_backfill_v0_10_77,2026-07-28T06:10:48.831103+00:00,true,eastmoney,push2his bulk kline curl fallback after AKShare TLS failure,2026-07-28T06:10:48.831103+00:00,2026-07-28T06:10:48.831103+00:00,2026-07-28
2026-06-18,2026-06-18,consumer,consumer_etf_flow,159928,Consumer ETF candidate,0.634,0.634,0.621,0.623,5117386.0,319771120.516,-1.89,2.21,,,,,eastmoney,push2his bulk kline curl fallback after AKShare TLS failure,market_history_backfill_v0_10_77,2026-07-28T06:10:48.831103+00:00,true,eastmoney,push2his bulk kline curl fallback after AKShare TLS failure,2026-07-28T06:10:48.831103+00:00,2026-07-28T06:10:48.831103+00:00,2026-07-28
2026-06-18,2026-06-18,brokerage,brokerage_etf_flow,512000,Brokerage ETF candidate,0.515,0.516,0.501,0.502,26280249.0,1332273814.0,-2.9,3.45,,,,,eastmoney,push2his bulk kline curl fallback after AKShare TLS failure,market_history_backfill_v0_10_77,2026-07-28T06:10:48.831103+00:00,true,eastmoney,push2his bulk kline curl fallback after AKShare TLS failure,2026-07-28T06:10:48.831103+00:00,2026-07-28T06:10:48.831103+00:00,2026-07-28
2026-06-18,2026-06-18,healthcare_pharma,healthcare_pharma_etf_flow,512010,Healthcare ETF candidate,0.322,0.331,0.32,0.326,15422510.0,503509543.0,0.93,3.32,,,,,eastmoney,push2his bulk kline curl fallback after AKShare TLS failure,market_history_backfill_v0_10_77,2026-07-28T06:10:48.831103+00:00,true,eastmoney,push2his bulk kline curl fallback after AKShare TLS failure,2026-07-28T06:10:48.831103+00:00,2026-07-28T06:10:48.831103+00:00,2026-07-28
2026-06-18,2026-06-18,real_estate_infra,real_estate_infra_etf_flow,512200,Real estate ETF candidate,1.252,1.257,1.231,1.243,1743616.0,216648946.0,-1.11,6.26,,,,,eastmoney,push2his bulk kline curl fallback after AKShare TLS failure,market_history_backfill_v0_10_77,2026-07-28T06:10:48.831103+00:00,true,eastmoney,push2his bulk kline curl fallback after AKShare TLS failure,2026-07-28T06:10:48.831103+00:00,2026-07-28T06:10:48.831103+00:00,2026-07-28
2026-06-18,2026-06-18,resources_materials,resources_materials_etf_flow,512400,Non-ferrous metals ETF candidate,2.016,2.099,2.005,2.05,8883197.0,1817536169.0,0.24,6.98,,,,,eastmoney,push2his bulk kline curl fallback after AKShare TLS failure,market_history_backfill_v0_10_77,2026-07-28T06:10:48.831103+00:00,true,eastmoney,push2his bulk kline curl fallback after AKShare TLS failure,2026-07-28T06:10:48.831103+00:00,2026-07-28T06:10:48.831103+00:00,2026-07-28
2026-06-18,2026-06-18,semiconductor,semiconductor_etf_flow,512480,Semiconductor ETF candidate,2.384,2.507,2.377,2.481,7830702.0,1919891758.0,3.94,4.19,,,,,eastmoney,push2his bulk kline curl fallback after AKShare TLS failure,market_history_backfill_v0_10_77,2026-07-28T06:10:48.831103+00:00,true,eastmoney,push2his bulk kline curl fallback after AKShare TLS failure,2026-07-28T06:10:48.831103+00:00,2026-07-28T06:10:48.831103+00:00,2026-07-28
2026-06-18,2026-06-18,defense_military,defense_military_etf_flow,512660,Defense ETF candidate,1.277,1.309,1.275,1.29,2621607.0,338873441.0,0.08,4.57,,,,,eastmoney,push2his bulk kline curl fallback after AKShare TLS failure,market_history_backfill_v0_10_77,2026-07-28T06:10:48.831103+00:00,true,eastmoney,push2his bulk kline curl fallback after AKShare TLS failure,2026-07-28T06:10:48.831103+00:00,2026-07-28T06:10:48.831103+00:00,2026-07-28
2026-06-18,2026-06-18,bank_insurance,bank_insurance_etf_flow,512800,Bank ETF candidate,0.785,0.785,0.764,0.766,18137100.0,1397825407.0,-2.42,12.81,,,,,eastmoney,push2his bulk kline curl fallback after AKShare TLS failure,market_history_backfill_v0_10_77,2026-07-28T06:10:48.831103+00:00,true,eastmoney,push2his bulk kline curl fallback after AKShare TLS failure,2026-07-28T06:10:48.831103+00:00,2026-07-28T06:10:48.831103+00:00,2026-07-28
2026-06-18,2026-06-18,new_energy_ev,new_energy_ev_etf_flow,515030,New energy vehicle ETF candidate,1.934,1.947,1.906,1.925,974071.0,187899225.0,-0.93,6.14,,,,,eastmoney,push2his bulk kline curl fallback after AKShare TLS failure,market_history_backfill_v0_10_77,2026-07-28T06:10:48.831103+00:00,true,eastmoney,push2his bulk kline curl fallback after AKShare TLS failure,2026-07-28T06:10:48.831103+00:00,2026-07-28T06:10:48.831103+00:00,2026-07-28
2026-06-18,2026-06-18,communication_electronics,communication_electronics_etf_flow,515880,Communication ETF candidate,1.743,1.835,1.74,1.822,24022580.0,4332928855.0,3.64,3.62,,,,,eastmoney,push2his bulk kline curl fallback after AKShare TLS failure,market_history_backfill_v0_10_77,2026-07-28T06:10:48.831103+00:00,true,eastmoney,push2his bulk kline curl fallback after AKShare TLS failure,2026-07-28T06:10:48.831103+00:00,2026-07-28T06:10:48.831103+00:00,2026-07-28
2026-06-22,2026-06-22,ai_computer,ai_computer_etf_flow,159819,AI ETF candidate,2.125,2.14,2.06,2.128,4850643.0,1024263944.07,0.85,4.25,,,,,eastmoney,push2his bulk kline curl fallback after AKShare TLS failure,market_history_backfill_v0_10_77,2026-07-28T06:10:48.831103+00:00,true,eastmoney,push2his bulk kline curl fallback after AKShare TLS failure,2026-07-28T06:10:48.831103+00:00,2026-07-28T06:10:48.831103+00:00,2026-07-28
2026-06-22,2026-06-22,consumer,consumer_etf_flow,159928,Consumer ETF candidate,0.621,0.631,0.611,0.627,5936251.0,367601704.6,0.64,2.57,,,,,eastmoney,push2his bulk kline curl fallback after AKShare TLS failure,market_history_backfill_v0_10_77,2026-07-28T06:10:48.831103+00:00,true,eastmoney,push2his bulk kline curl fallback after AKShare TLS failure,2026-07-28T06:10:48.831103+00:00,2026-07-28T06:10:48.831103+00:00,2026-07-28
2026-06-22,2026-06-22,brokerage,brokerage_etf_flow,512000,Brokerage ETF candidate,0.5,0.54,0.499,0.539,59625167.0,3118644981.0,7.37,7.84,,,,,eastmoney,push2his bulk kline curl fallback after AKShare TLS failure,market_history_backfill_v0_10_77,2026-07-28T06:10:48.831103+00:00,true,eastmoney,push2his bulk kline curl fallback after AKShare TLS failure,2026-07-28T06:10:48.831103+00:00,2026-07-28T06:10:48.831103+00:00,2026-07-28
2026-06-22,2026-06-22,healthcare_pharma,healthcare_pharma_etf_flow,512010,Healthcare ETF candidate,0.325,0.333,0.319,0.333,16205297.0,526996497.0,2.15,3.49,,,,,eastmoney,push2his bulk kline curl fallback after AKShare TLS failure,market_history_backfill_v0_10_77,2026-07-28T06:10:48.831103+00:00,true,eastmoney,push2his bulk kline curl fallback after AKShare TLS failure,2026-07-28T06:10:48.831103+00:00,2026-07-28T06:10:48.831103+00:00,2026-07-28
2026-06-22,2026-06-22,real_estate_infra,real_estate_infra_etf_flow,512200,Real estate ETF candidate,1.242,1.242,1.209,1.241,2342361.0,286207935.0,-0.16,8.41,,,,,eastmoney,push2his bulk kline curl fallback after AKShare TLS failure,market_history_backfill_v0_10_77,2026-07-28T06:10:48.831103+00:00,true,eastmoney,push2his bulk kline curl fallback after AKShare TLS failure,2026-07-28T06:10:48.831103+00:00,2026-07-28T06:10:48.831103+00:00,2026-07-28
2026-06-22,2026-06-22,resources_materials,resources_materials_etf_flow,512400,Non-ferrous metals ETF candidate,2.034,2.162,2.027,2.155,9318782.0,1955144780.0,5.12,7.32,,,,,eastmoney,push2his bulk kline curl fallback after AKShare TLS failure,market_history_backfill_v0_10_77,2026-07-28T06:10:48.831103+00:00,true,eastmoney,push2his bulk kline curl fallback after AKShare TLS failure,2026-07-28T06:10:48.831103+00:00,2026-07-28T06:10:48.831103+00:00,2026-07-28
2026-06-22,2026-06-22,semiconductor,semiconductor_etf_flow,512480,Semiconductor ETF candidate,2.512,2.56,2.449,2.552,7691118.0,1932228525.0,2.86,4.11,,,,,eastmoney,push2his bulk kline curl fallback after AKShare TLS failure,market_history_backfill_v0_10_77,2026-07-28T06:10:48.831103+00:00,true,eastmoney,push2his bulk kline curl fallback after AKShare TLS failure,2026-07-28T06:10:48.831103+00:00,2026-07-28T06:10:48.831103+00:00,2026-07-28
2026-06-22,2026-06-22,defense_military,defense_military_etf_flow,512660,Defense ETF candidate,1.29,1.299,1.257,1.298,2861428.0,366506918.0,0.62,4.99,,,,,eastmoney,push2his bulk kline curl fallback after AKShare TLS failure,market_history_backfill_v0_10_77,2026-07-28T06:10:48.831103+00:00,true,eastmoney,push2his bulk kline curl fallback after AKShare TLS failure,2026-07-28T06:10:48.831103+00:00,2026-07-28T06:10:48.831103+00:00,2026-07-28
2026-06-22,2026-06-22,bank_insurance,bank_insurance_etf_flow,512800,Bank ETF candidate,0.763,0.776,0.757,0.771,16598637.0,1270387864.0,0.65,11.73,,,,,eastmoney,push2his bulk kline curl fallback after AKShare TLS failure,market_history_backfill_v0_10_77,2026-07-28T06:10:48.831103+00:00,true,eastmoney,push2his bulk kline curl fallback after AKShare TLS failure,2026-07-28T06:10:48.831103+00:00,2026-07-28T06:10:48.831103+00:00,2026-07-28
2026-06-22,2026-06-22,new_energy_ev,new_energy_ev_etf_flow,515030,New energy vehicle ETF candidate,1.907,1.976,1.881,1.973,1102328.0,211449912.0,2.49,6.95,,,,,eastmoney,push2his bulk kline curl fallback after AKShare TLS failure,market_history_backfill_v0_10_77,2026-07-28T06:10:48.831103+00:00,true,eastmoney,push2his bulk kline curl fallback after AKShare TLS failure,2026-07-28T06:10:48.831103+00:00,2026-07-28T06:10:48.831103+00:00,2026-07-28
2026-06-22,2026-06-22,communication_electronics,communication_electronics_etf_flow,515880,Communication ETF candidate,1.84,1.874,1.792,1.859,29113272.0,5353376076.0,2.03,4.39,,,,,eastmoney,push2his bulk kline curl fallback after AKShare TLS failure,market_history_backfill_v0_10_77,2026-07-28T06:10:48.831103+00:00,true,eastmoney,push2his bulk kline curl fallback after AKShare TLS failure,2026-07-28T06:10:48.831103+00:00,2026-07-28T06:10:48.831103+00:00,2026-07-28
2026-06-23,2026-06-23,ai_computer,ai_computer_etf_flow,159819,AI ETF candidate,2.117,2.125,2.03,2.051,4048731.0,841619156.652,-3.62,3.55,,,,,eastmoney,push2his bulk kline curl fallback after AKShare TLS failure,market_history_backfill_v0_10_77,2026-07-28T06:10:48.831103+00:00,true,eastmoney,push2his bulk kline curl fallback after AKShare TLS failure,2026-07-28T06:10:48.831103+00:00,2026-07-28T06:10:48.831103+00:00,2026-07-28
2026-06-23,2026-06-23,consumer,consumer_etf_flow,159928,Consumer ETF candidate,0.626,0.637,0.615,0.617,4446977.0,278831469.416,-1.59,1.92,,,,,eastmoney,push2his bulk kline curl fallback after AKShare TLS failure,market_history_backfill_v0_10_77,2026-07-28T06:10:48.831103+00:00,true,eastmoney,push2his bulk kline curl fallback after AKShare TLS failure,2026-07-28T06:10:48.831103+00:00,2026-07-28T06:10:48.831103+00:00,2026-07-28
2026-06-23,2026-06-23,brokerage,brokerage_etf_flow,512000,Brokerage ETF candidate,0.539,0.555,0.537,0.54,47008989.0,2571227194.0,0.19,6.18,,,,,eastmoney,push2his bulk kline curl fallback after AKShare TLS failure,market_history_backfill_v0_10_77,2026-07-28T06:10:48.831103+00:00,true,eastmoney,push2his bulk kline curl fallback after AKShare TLS failure,2026-07-28T06:10:48.831103+00:00,2026-07-28T06:10:48.831103+00:00,2026-07-28
2026-06-23,2026-06-23,healthcare_pharma,healthcare_pharma_etf_flow,512010,Healthcare ETF candidate,0.332,0.341,0.331,0.333,23344229.0,786352072.0,0.0,5.03,,,,,eastmoney,push2his bulk kline curl fallback after AKShare TLS failure,market_history_backfill_v0_10_77,2026-07-28T06:10:48.831103+00:00,true,eastmoney,push2his bulk kline curl fallback after AKShare TLS failure,2026-07-28T06:10:48.831103+00:00,2026-07-28T06:10:48.831103+00:00,2026-07-28
2026-06-23,2026-06-23,real_estate_infra,real_estate_infra_etf_flow,512200,Real estate ETF candidate,1.233,1.259,1.23,1.233,1011231.0,125770079.0,-0.64,3.63,,,,,eastmoney,push2his bulk kline curl fallback after AKShare TLS failure,market_history_backfill_v0_10_77,2026-07-28T06:10:48.831103+00:00,true,eastmoney,push2his bulk kline curl fallback after AKShare TLS failure,2026-07-28T06:10:48.831103+00:00,2026-07-28T06:10:48.831103+00:00,2026-07-28
2026-06-23,2026-06-23,resources_materials,resources_materials_etf_flow,512400,Non-ferrous metals ETF candidate,2.149,2.149,1.96,1.976,10896987.0,2208331015.0,-8.31,8.56,,,,,eastmoney,push2his bulk kline curl fallback after AKShare TLS failure,market_history_backfill_v0_10_77,2026-07-28T06:10:48.831103+00:00,true,eastmoney,push2his bulk kline curl fallback after AKShare TLS failure,2026-07-28T06:10:48.831103+00:00,2026-07-28T06:10:48.831103+00:00,2026-07-28
2026-06-23,2026-06-23,semiconductor,semiconductor_etf_flow,512480,Semiconductor ETF candidate,2.53,2.598,2.47,2.512,7727168.0,1954315188.0,-1.57,4.13,,,,,eastmoney,push2his bulk kline curl fallback after AKShare TLS failure,market_history_backfill_v0_10_77,2026-07-28T06:10:48.831103+00:00,true,eastmoney,push2his bulk kline curl fallback after AKShare TLS failure,2026-07-28T06:10:48.831103+00:00,2026-07-28T06:10:48.831103+00:00,2026-07-28
2026-06-23,2026-06-23,defense_military,defense_military_etf_flow,512660,Defense ETF candidate,1.295,1.295,1.246,1.252,2129291.0,269948690.0,-3.54,3.71,,,,,eastmoney,push2his bulk kline curl fallback after AKShare TLS failure,market_history_backfill_v0_10_77,2026-07-28T06:10:48.831103+00:00,true,eastmoney,push2his bulk kline curl fallback after AKShare TLS failure,2026-07-28T06:10:48.831103+00:00,2026-07-28T06:10:48.831103+00:00,2026-07-28
2026-06-23,2026-06-23,bank_insurance,bank_insurance_etf_flow,512800,Bank ETF candidate,0.769,0.786,0.769,0.778,12440689.0,969897910.0,0.91,8.79,,,,,eastmoney,push2his bulk kline curl fallback after AKShare TLS failure,market_history_backfill_v0_10_77,2026-07-28T06:10:48.831103+00:00,true,eastmoney,push2his bulk kline curl fallback after AKShare TLS failure,2026-07-28T06:10:48.831103+00:00,2026-07-28T06:10:48.831103+00:00,2026-07-28
2026-06-23,2026-06-23,new_energy_ev,new_energy_ev_etf_flow,515030,New energy vehicle ETF candidate,1.97,1.97,1.875,1.882,1004000.0,192408085.0,-4.61,6.33,,,,,eastmoney,push2his bulk kline curl fallback after AKShare TLS failure,market_history_backfill_v0_10_77,2026-07-28T06:10:48.831103+00:00,true,eastmoney,push2his bulk kline curl fallback after AKShare TLS failure,2026-07-28T06:10:48.831103+00:00,2026-07-28T06:10:48.831103+00:00,2026-07-28
2026-06-23,2026-06-23,communication_electronics,communication_electronics_etf_flow,515880,Communication ETF candidate,1.846,1.857,1.774,1.794,35646614.0,6461051870.0,-3.5,5.38,,,,,eastmoney,push2his bulk kline curl fallback after AKShare TLS failure,market_history_backfill_v0_10_77,2026-07-28T06:10:48.831103+00:00,true,eastmoney,push2his bulk kline curl fallback after AKShare TLS failure,2026-07-28T06:10:48.831103+00:00,2026-07-28T06:10:48.831103+00:00,2026-07-28
2026-06-24,2026-06-24,ai_computer,ai_computer_etf_flow,159819,AI ETF candidate,2.033,2.103,2.025,2.099,3503881.0,724917388.399,2.34,3.07,,,,,eastmoney,push2his bulk kline curl fallback after AKShare TLS failure,market_history_backfill_v0_10_77,2026-07-28T06:10:48.831103+00:00,true,eastmoney,push2his bulk kline curl fallback after AKShare TLS failure,2026-07-28T06:10:48.831103+00:00,2026-07-28T06:10:48.831103+00:00,2026-07-28
2026-06-24,2026-06-24,consumer,consumer_etf_flow,159928,Consumer ETF candidate,0.617,0.623,0.607,0.608,4895828.0,299730692.5,-1.46,2.12,,,,,eastmoney,push2his bulk kline curl fallback after AKShare TLS failure,market_history_backfill_v0_10_77,2026-07-28T06:10:48.831103+00:00,true,eastmoney,push2his bulk kline curl fallback after AKShare TLS failure,2026-07-28T06:10:48.831103+00:00,2026-07-28T06:10:48.831103+00:00,2026-07-28
2026-06-24,2026-06-24,brokerage,brokerage_etf_flow,512000,Brokerage ETF candidate,0.536,0.55,0.528,0.531,31493010.0,1687596003.0,-1.67,4.14,,,,,eastmoney,push2his bulk kline curl fallback after AKShare TLS failure,market_history_backfill_v0_10_77,2026-07-28T06:10:48.831103+00:00,true,eastmoney,push2his bulk kline curl fallback after AKShare TLS failure,2026-07-28T06:10:48.831103+00:00,2026-07-28T06:10:48.831103+00:00,2026-07-28
2026-06-24,2026-06-24,healthcare_pharma,healthcare_pharma_etf_flow,512010,Healthcare ETF candidate,0.333,0.346,0.333,0.341,28805997.0,984793914.0,2.4,6.21,,,,,eastmoney,push2his bulk kline curl fallback after AKShare TLS failure,market_history_backfill_v0_10_77,2026-07-28T06:10:48.831103+00:00,true,eastmoney,push2his bulk kline curl fallback after AKShare TLS failure,2026-07-28T06:10:48.831103+00:00,2026-07-28T06:10:48.831103+00:00,2026-07-28
2026-06-24,2026-06-24,real_estate_infra,real_estate_infra_etf_flow,512200,Real estate ETF candidate,1.232,1.232,1.202,1.212,1370737.0,166011433.0,-1.7,4.92,,,,,eastmoney,push2his bulk kline curl fallback after AKShare TLS failure,market_history_backfill_v0_10_77,2026-07-28T06:10:48.831103+00:00,true,eastmoney,push2his bulk kline curl fallback after AKShare TLS failure,2026-07-28T06:10:48.831103+00:00,2026-07-28T06:10:48.831103+00:00,2026-07-28
2026-06-24,2026-06-24,resources_materials,resources_materials_etf_flow,512400,Non-ferrous metals ETF candidate,1.944,1.981,1.913,1.98,8376877.0,1631831620.0,0.2,6.58,,,,,eastmoney,push2his bulk kline curl fallback after AKShare TLS failure,market_history_backfill_v0_10_77,2026-07-28T06:10:48.831103+00:00,true,eastmoney,push2his bulk kline curl fallback after AKShare TLS failure,2026-07-28T06:10:48.831103+00:00,2026-07-28T06:10:48.831103+00:00,2026-07-28
2026-06-24,2026-06-24,semiconductor,semiconductor_etf_flow,512480,Semiconductor ETF candidate,2.471,2.654,2.47,2.652,8776750.0,2258291426.0,5.57,4.69,,,,,eastmoney,push2his bulk kline curl fallback after AKShare TLS failure,market_history_backfill_v0_10_77,2026-07-28T06:10:48.831103+00:00,true,eastmoney,push2his bulk kline curl fallback after AKShare TLS failure,2026-07-28T06:10:48.831103+00:00,2026-07-28T06:10:48.831103+00:00,2026-07-28
2026-06-24,2026-06-24,defense_military,defense_military_etf_flow,512660,Defense ETF candidate,1.246,1.268,1.235,1.262,2008025.0,251483807.0,0.8,3.5,,,,,eastmoney,push2his bulk kline curl fallback after AKShare TLS failure,market_history_backfill_v0_10_77,2026-07-28T06:10:48.831103+00:00,true,eastmoney,push2his bulk kline curl fallback after AKShare TLS failure,2026-07-28T06:10:48.831103+00:00,2026-07-28T06:10:48.831103+00:00,2026-07-28
2026-06-24,2026-06-24,bank_insurance,bank_insurance_etf_flow,512800,Bank ETF candidate,0.779,0.781,0.76,0.761,12409286.0,953094445.0,-2.19,8.77,,,,,eastmoney,push2his bulk kline curl fallback after AKShare TLS failure,market_history_backfill_v0_10_77,2026-07-28T06:10:48.831103+00:00,true,eastmoney,push2his bulk kline curl fallback after AKShare TLS failure,2026-07-28T06:10:48.831103+00:00,2026-07-28T06:10:48.831103+00:00,2026-07-28
2026-06-24,2026-06-24,new_energy_ev,new_energy_ev_etf_flow,515030,New energy vehicle ETF candidate,1.88,1.928,1.849,1.911,1020653.0,192685539.0,1.54,6.43,,,,,eastmoney,push2his bulk kline curl fallback after AKShare TLS failure,market_history_backfill_v0_10_77,2026-07-28T06:10:48.831103+00:00,true,eastmoney,push2his bulk kline curl fallback after AKShare TLS failure,2026-07-28T06:10:48.831103+00:00,2026-07-28T06:10:48.831103+00:00,2026-07-28
2026-06-24,2026-06-24,communication_electronics,communication_electronics_etf_flow,515880,Communication ETF candidate,1.778,1.834,1.778,1.827,28246493.0,5110287421.0,1.84,4.26,,,,,eastmoney,push2his bulk kline curl fallback after AKShare TLS failure,market_history_backfill_v0_10_77,2026-07-28T06:10:48.831103+00:00,true,eastmoney,push2his bulk kline curl fallback after AKShare TLS failure,2026-07-28T06:10:48.831103+00:00,2026-07-28T06:10:48.831103+00:00,2026-07-28
2026-06-25,2026-06-25,ai_computer,ai_computer_etf_flow,159819,AI ETF candidate,2.114,2.18,2.099,2.18,4514891.0,971180579.584,3.86,3.96,,,,,eastmoney,push2his bulk kline curl fallback after AKShare TLS failure,market_history_backfill_v0_10_77,2026-07-28T06:10:48.831103+00:00,true,eastmoney,push2his bulk kline curl fallback after AKShare TLS failure,2026-07-28T06:10:48.831103+00:00,2026-07-28T06:10:48.831103+00:00,2026-07-28
2026-06-25,2026-06-25,consumer,consumer_etf_flow,159928,Consumer ETF candidate,0.606,0.616,0.599,0.61,6044023.0,366493611.696,0.33,2.61,,,,,eastmoney,push2his bulk kline curl fallback after AKShare TLS failure,market_history_backfill_v0_10_77,2026-07-28T06:10:48.831103+00:00,true,eastmoney,push2his bulk kline curl fallback after AKShare TLS failure,2026-07-28T06:10:48.831103+00:00,2026-07-28T06:10:48.831103+00:00,2026-07-28
2026-06-25,2026-06-25,brokerage,brokerage_etf_flow,512000,Brokerage ETF candidate,0.529,0.554,0.526,0.55,46655203.0,2525894682.0,3.58,6.13,,,,,eastmoney,push2his bulk kline curl fallback after AKShare TLS failure,market_history_backfill_v0_10_77,2026-07-28T06:10:48.831103+00:00,true,eastmoney,push2his bulk kline curl fallback after AKShare TLS failure,2026-07-28T06:10:48.831103+00:00,2026-07-28T06:10:48.831103+00:00,2026-07-28
2026-06-25,2026-06-25,healthcare_pharma,healthcare_pharma_etf_flow,512010,Healthcare ETF candidate,0.337,0.344,0.333,0.341,18964283.0,640723938.0,0.0,4.09,,,,,eastmoney,push2his bulk kline curl fallback after AKShare TLS failure,market_history_backfill_v0_10_77,2026-07-28T06:10:48.831103+00:00,true,eastmoney,push2his bulk kline curl fallback after AKShare TLS failure,2026-07-28T06:10:48.831103+00:00,2026-07-28T06:10:48.831103+00:00,2026-07-28
2026-06-25,2026-06-25,real_estate_infra,real_estate_infra_etf_flow,512200,Real estate ETF candidate,1.208,1.214,1.191,1.202,1655984.0,199270508.0,-0.83,5.94,,,,,eastmoney,push2his bulk kline curl fallback after AKShare TLS failure,market_history_backfill_v0_10_77,2026-07-28T06:10:48.831103+00:00,true,eastmoney,push2his bulk kline curl fallback after AKShare TLS failure,2026-07-28T06:10:48.831103+00:00,2026-07-28T06:10:48.831103+00:00,2026-07-28
2026-06-25,2026-06-25,resources_materials,resources_materials_etf_flow,512400,Non-ferrous metals ETF candidate,1.935,1.954,1.908,1.922,6769038.0,1303512816.0,-2.93,5.32,,,,,eastmoney,push2his bulk kline curl fallback after AKShare TLS failure,market_history_backfill_v0_10_77,2026-07-28T06:10:48.831103+00:00,true,eastmoney,push2his bulk kline curl fallback after AKShare TLS failure,2026-07-28T06:10:48.831103+00:00,2026-07-28T06:10:48.831103+00:00,2026-07-28
2026-06-25,2026-06-25,semiconductor,semiconductor_etf_flow,512480,Semiconductor ETF candidate,2.7,2.775,2.675,2.774,7527433.0,2057095451.0,4.6,4.03,,,,,eastmoney,push2his bulk kline curl fallback after AKShare TLS failure,market_history_backfill_v0_10_77,2026-07-28T06:10:48.831103+00:00,true,eastmoney,push2his bulk kline curl fallback after AKShare TLS failure,2026-07-28T06:10:48.831103+00:00,2026-07-28T06:10:48.831103+00:00,2026-07-28
2026-06-25,2026-06-25,defense_military,defense_military_etf_flow,512660,Defense ETF candidate,1.252,1.28,1.25,1.26,1684126.0,212489557.0,-0.16,2.94,,,,,eastmoney,push2his bulk kline curl fallback after AKShare TLS failure,market_history_backfill_v0_10_77,2026-07-28T06:10:48.831103+00:00,true,eastmoney,push2his bulk kline curl fallback after AKShare TLS failure,2026-07-28T06:10:48.831103+00:00,2026-07-28T06:10:48.831103+00:00,2026-07-28
2026-06-25,2026-06-25,bank_insurance,bank_insurance_etf_flow,512800,Bank ETF candidate,0.757,0.765,0.752,0.753,12389226.0,937000090.0,-1.05,8.75,,,,,eastmoney,push2his bulk kline curl fallback after AKShare TLS failure,market_history_backfill_v0_10_77,2026-07-28T06:10:48.831103+00:00,true,eastmoney,push2his bulk kline curl fallback after AKShare TLS failure,2026-07-28T06:10:48.831103+00:00,2026-07-28T06:10:48.831103+00:00,2026-07-28
2026-06-25,2026-06-25,new_energy_ev,new_energy_ev_etf_flow,515030,New energy vehicle ETF candidate,1.893,1.916,1.876,1.889,972644.0,184523901.0,-1.15,6.13,,,,,eastmoney,push2his bulk kline curl fallback after AKShare TLS failure,market_history_backfill_v0_10_77,2026-07-28T06:10:48.831103+00:00,true,eastmoney,push2his bulk kline curl fallback after AKShare TLS failure,2026-07-28T06:10:48.831103+00:00,2026-07-28T06:10:48.831103+00:00,2026-07-28
2026-06-25,2026-06-25,communication_electronics,communication_electronics_etf_flow,515880,Communication ETF candidate,1.844,1.888,1.805,1.883,35806995.0,6634449923.0,3.07,5.4,,,,,eastmoney,push2his bulk kline curl fallback after AKShare TLS failure,market_history_backfill_v0_10_77,2026-07-28T06:10:48.831103+00:00,true,eastmoney,push2his bulk kline curl fallback after AKShare TLS failure,2026-07-28T06:10:48.831103+00:00,2026-07-28T06:10:48.831103+00:00,2026-07-28
2026-06-26,2026-06-26,ai_computer,ai_computer_etf_flow,159819,AI ETF candidate,2.157,2.157,2.052,2.078,4651365.0,974877262.004,-4.68,4.08,,,,,eastmoney,push2his bulk kline curl fallback after AKShare TLS failure,market_history_backfill_v0_10_77,2026-07-28T06:10:48.831103+00:00,true,eastmoney,push2his bulk kline curl fallback after AKShare TLS failure,2026-07-28T06:10:48.831103+00:00,2026-07-28T06:10:48.831103+00:00,2026-07-28
2026-06-26,2026-06-26,consumer,consumer_etf_flow,159928,Consumer ETF candidate,0.611,0.616,0.602,0.603,4460339.0,271431251.891,-1.15,1.93,,,,,eastmoney,push2his bulk kline curl fallback after AKShare TLS failure,market_history_backfill_v0_10_77,2026-07-28T06:10:48.831103+00:00,true,eastmoney,push2his bulk kline curl fallback after AKShare TLS failure,2026-07-28T06:10:48.831103+00:00,2026-07-28T06:10:48.831103+00:00,2026-07-28
2026-06-26,2026-06-26,brokerage,brokerage_etf_flow,512000,Brokerage ETF candidate,0.545,0.553,0.528,0.529,44589694.0,2401738701.0,-3.82,5.86,,,,,eastmoney,push2his bulk kline curl fallback after AKShare TLS failure,market_history_backfill_v0_10_77,2026-07-28T06:10:48.831103+00:00,true,eastmoney,push2his bulk kline curl fallback after AKShare TLS failure,2026-07-28T06:10:48.831103+00:00,2026-07-28T06:10:48.831103+00:00,2026-07-28
2026-06-26,2026-06-26,healthcare_pharma,healthcare_pharma_etf_flow,512010,Healthcare ETF candidate,0.341,0.345,0.334,0.335,20084526.0,681316572.0,-1.76,4.33,,,,,eastmoney,push2his bulk kline curl fallback after AKShare TLS failure,market_history_backfill_v0_10_77,2026-07-28T06:10:48.831103+00:00,true,eastmoney,push2his bulk kline curl fallback after AKShare TLS failure,2026-07-28T06:10:48.831103+00:00,2026-07-28T06:10:48.831103+00:00,2026-07-28
2026-06-26,2026-06-26,real_estate_infra,real_estate_infra_etf_flow,512200,Real estate ETF candidate,1.193,1.215,1.19,1.191,1413587.0,169948019.0,-0.92,5.07,,,,,eastmoney,push2his bulk kline curl fallback after AKShare TLS failure,market_history_backfill_v0_10_77,2026-07-28T06:10:48.831103+00:00,true,eastmoney,push2his bulk kline curl fallback after AKShare TLS failure,2026-07-28T06:10:48.831103+00:00,2026-07-28T06:10:48.831103+00:00,2026-07-28
2026-06-26,2026-06-26,resources_materials,resources_materials_etf_flow,512400,Non-ferrous metals ETF candidate,1.921,1.932,1.831,1.839,9153821.0,1714415765.0,-4.32,7.19,,,,,eastmoney,push2his bulk kline curl fallback after AKShare TLS failure,market_history_backfill_v0_10_77,2026-07-28T06:10:48.831103+00:00,true,eastmoney,push2his bulk kline curl fallback after AKShare TLS failure,2026-07-28T06:10:48.831103+00:00,2026-07-28T06:10:48.831103+00:00,2026-07-28
2026-06-26,2026-06-26,semiconductor,semiconductor_etf_flow,512480,Semiconductor ETF candidate,2.73,2.811,2.67,2.747,9683123.0,2664419563.0,-0.97,5.18,,,,,eastmoney,push2his bulk kline curl fallback after AKShare TLS failure,market_history_backfill_v0_10_77,2026-07-28T06:10:48.831103+00:00,true,eastmoney,push2his bulk kline curl fallback after AKShare TLS failure,2026-07-28T06:10:48.831103+00:00,2026-07-28T06:10:48.831103+00:00,2026-07-28
2026-06-26,2026-06-26,defense_military,defense_military_etf_flow,512660,Defense ETF candidate,1.25,1.26,1.225,1.241,2067612.0,256714253.0,-1.51,3.6,,,,,eastmoney,push2his bulk kline curl fallback after AKShare TLS failure,market_history_backfill_v0_10_77,2026-07-28T06:10:48.831103+00:00,true,eastmoney,push2his bulk kline curl fallback after AKShare TLS failure,2026-07-28T06:10:48.831103+00:00,2026-07-28T06:10:48.831103+00:00,2026-07-28
2026-06-26,2026-06-26,bank_insurance,bank_insurance_etf_flow,512800,Bank ETF candidate,0.753,0.757,0.745,0.746,8951539.0,670671754.0,-0.93,6.32,,,,,eastmoney,push2his bulk kline curl fallback after AKShare TLS failure,market_history_backfill_v0_10_77,2026-07-28T06:10:48.831103+00:00,true,eastmoney,push2his bulk kline curl fallback after AKShare TLS failure,2026-07-28T06:10:48.831103+00:00,2026-07-28T06:10:48.831103+00:00,2026-07-28
2026-06-26,2026-06-26,new_energy_ev,new_energy_ev_etf_flow,515030,New energy vehicle ETF candidate,1.872,1.889,1.773,1.776,955169.0,174138261.0,-5.98,6.02,,,,,eastmoney,push2his bulk kline curl fallback after AKShare TLS failure,market_history_backfill_v0_10_77,2026-07-28T06:10:48.831103+00:00,true,eastmoney,push2his bulk kline curl fallback after AKShare TLS failure,2026-07-28T06:10:48.831103+00:00,2026-07-28T06:10:48.831103+00:00,2026-07-28
2026-06-26,2026-06-26,communication_electronics,communication_electronics_etf_flow,515880,Communication ETF candidate,1.845,1.849,1.742,1.757,57105090.0,10173302034.0,-6.69,8.62,,,,,eastmoney,push2his bulk kline curl fallback after AKShare TLS failure,market_history_backfill_v0_10_77,2026-07-28T06:10:48.831103+00:00,true,eastmoney,push2his bulk kline curl fallback after AKShare TLS failure,2026-07-28T06:10:48.831103+00:00,2026-07-28T06:10:48.831103+00:00,2026-07-28
2026-06-29,2026-06-29,ai_computer,ai_computer_etf_flow,159819,AI ETF candidate,2.077,2.138,2.034,2.105,3826241.0,799996155.942,1.3,3.35,,,,,eastmoney,push2his bulk kline curl fallback after AKShare TLS failure,market_history_backfill_v0_10_77,2026-07-28T06:10:48.831103+00:00,true,eastmoney,push2his bulk kline curl fallback after AKShare TLS failure,2026-07-28T06:10:48.831103+00:00,2026-07-28T06:10:48.831103+00:00,2026-07-28
2026-06-29,2026-06-29,consumer,consumer_etf_flow,159928,Consumer ETF candidate,0.602,0.626,0.593,0.622,6796332.0,416322100.78,3.15,2.94,,,,,eastmoney,push2his bulk kline curl fallback after AKShare TLS failure,market_history_backfill_v0_10_77,2026-07-28T06:10:48.831103+00:00,true,eastmoney,push2his bulk kline curl fallback after AKShare TLS failure,2026-07-28T06:10:48.831103+00:00,2026-07-28T06:10:48.831103+00:00,2026-07-28
2026-06-29,2026-06-29,brokerage,brokerage_etf_flow,512000,Brokerage ETF candidate,0.533,0.543,0.529,0.536,28411320.0,1520900550.0,1.32,3.73,,,,,eastmoney,push2his bulk kline curl fallback after AKShare TLS failure,market_history_backfill_v0_10_77,2026-07-28T06:10:48.831103+00:00,true,eastmoney,push2his bulk kline curl fallback after AKShare TLS failure,2026-07-28T06:10:48.831103+00:00,2026-07-28T06:10:48.831103+00:00,2026-07-28
2026-06-29,2026-06-29,healthcare_pharma,healthcare_pharma_etf_flow,512010,Healthcare ETF candidate,0.335,0.356,0.33,0.356,31899666.0,1112160597.0,6.27,6.88,,,,,eastmoney,push2his bulk kline curl fallback after AKShare TLS failure,market_history_backfill_v0_10_77,2026-07-28T06:10:48.831103+00:00,true,eastmoney,push2his bulk kline curl fallback after AKShare TLS failure,2026-07-28T06:10:48.831103+00:00,2026-07-28T06:10:48.831103+00:00,2026-07-28
2026-06-29,2026-06-29,real_estate_infra,real_estate_infra_etf_flow,512200,Real estate ETF candidate,1.191,1.194,1.163,1.184,675541.0,79420782.0,-0.59,2.43,,,,,eastmoney,push2his bulk kline curl fallback after AKShare TLS failure,market_history_backfill_v0_10_77,2026-07-28T06:10:48.831103+00:00,true,eastmoney,push2his bulk kline curl fallback after AKShare TLS failure,2026-07-28T06:10:48.831103+00:00,2026-07-28T06:10:48.831103+00:00,2026-07-28
2026-06-29,2026-06-29,resources_materials,resources_materials_etf_flow,512400,Non-ferrous metals ETF candidate,1.837,1.876,1.826,1.864,6191198.0,1143136320.0,1.36,4.86,,,,,eastmoney,push2his bulk kline curl fallback after AKShare TLS failure,market_history_backfill_v0_10_77,2026-07-28T06:10:48.831103+00:00,true,eastmoney,push2his bulk kline curl fallback after AKShare TLS failure,2026-07-28T06:10:48.831103+00:00,2026-07-28T06:10:48.831103+00:00,2026-07-28
2026-06-29,2026-06-29,semiconductor,semiconductor_etf_flow,512480,Semiconductor ETF candidate,2.762,2.912,2.7,2.909,9654730.0,2721058105.0,5.9,5.16,,,,,eastmoney,push2his bulk kline curl fallback after AKShare TLS failure,market_history_backfill_v0_10_77,2026-07-28T06:10:48.831103+00:00,true,eastmoney,push2his bulk kline curl fallback after AKShare TLS failure,2026-07-28T06:10:48.831103+00:00,2026-07-28T06:10:48.831103+00:00,2026-07-28
2026-06-29,2026-06-29,defense_military,defense_military_etf_flow,512660,Defense ETF candidate,1.241,1.248,1.216,1.234,2253503.0,277659208.0,-0.56,3.93,,,,,eastmoney,push2his bulk kline curl fallback after AKShare TLS failure,market_history_backfill_v0_10_77,2026-07-28T06:10:48.831103+00:00,true,eastmoney,push2his bulk kline curl fallback after AKShare TLS failure,2026-07-28T06:10:48.831103+00:00,2026-07-28T06:10:48.831103+00:00,2026-07-28
2026-06-29,2026-06-29,bank_insurance,bank_insurance_etf_flow,512800,Bank ETF candidate,0.745,0.753,0.731,0.75,12235335.0,910648499.0,0.54,8.64,,,,,eastmoney,push2his bulk kline curl fallback after AKShare TLS failure,market_history_backfill_v0_10_77,2026-07-28T06:10:48.831103+00:00,true,eastmoney,push2his bulk kline curl fallback after AKShare TLS failure,2026-07-28T06:10:48.831103+00:00,2026-07-28T06:10:48.831103+00:00,2026-07-28
2026-06-29,2026-06-29,new_energy_ev,new_energy_ev_etf_flow,515030,New energy vehicle ETF candidate,1.775,1.81,1.746,1.798,988512.0,175802132.0,1.24,6.23,,,,,eastmoney,push2his bulk kline curl fallback after AKShare TLS failure,market_history_backfill_v0_10_77,2026-07-28T06:10:48.831103+00:00,true,eastmoney,push2his bulk kline curl fallback after AKShare TLS failure,2026-07-28T06:10:48.831103+00:00,2026-07-28T06:10:48.831103+00:00,2026-07-28
2026-06-29,2026-06-29,communication_electronics,communication_electronics_etf_flow,515880,Communication ETF candidate,1.738,1.78,1.654,1.715,48273780.0,8234198476.0,-2.39,7.28,,,,,eastmoney,push2his bulk kline curl fallback after AKShare TLS failure,market_history_backfill_v0_10_77,2026-07-28T06:10:48.831103+00:00,true,eastmoney,push2his bulk kline curl fallback after AKShare TLS failure,2026-07-28T06:10:48.831103+00:00,2026-07-28T06:10:48.831103+00:00,2026-07-28
2026-06-30,2026-06-30,ai_computer,ai_computer_etf_flow,159819,AI ETF candidate,2.111,2.232,2.111,2.232,5104391.0,1119259534.535,6.03,4.47,,,,,eastmoney,push2his bulk kline curl fallback after AKShare TLS failure,market_history_backfill_v0_10_77,2026-07-28T06:10:48.831103+00:00,true,eastmoney,push2his bulk kline curl fallback after AKShare TLS failure,2026-07-28T06:10:48.831103+00:00,2026-07-28T06:10:48.831103+00:00,2026-07-28
2026-06-30,2026-06-30,consumer,consumer_etf_flow,159928,Consumer ETF candidate,0.617,0.62,0.608,0.615,4550940.0,279084853.2,-1.13,1.97,,,,,eastmoney,push2his bulk kline curl fallback after AKShare TLS failure,market_history_backfill_v0_10_77,2026-07-28T06:10:48.831103+00:00,true,eastmoney,push2his bulk kline curl fallback after AKShare TLS failure,2026-07-28T06:10:48.831103+00:00,2026-07-28T06:10:48.831103+00:00,2026-07-28
2026-06-30,2026-06-30,brokerage,brokerage_etf_flow,512000,Brokerage ETF candidate,0.533,0.542,0.53,0.537,26632572.0,1425855550.0,0.19,3.5,,,,,eastmoney,push2his bulk kline curl fallback after AKShare TLS failure,market_history_backfill_v0_10_77,2026-07-28T06:10:48.831103+00:00,true,eastmoney,push2his bulk kline curl fallback after AKShare TLS failure,2026-07-28T06:10:48.831103+00:00,2026-07-28T06:10:48.831103+00:00,2026-07-28
2026-06-30,2026-06-30,healthcare_pharma,healthcare_pharma_etf_flow,512010,Healthcare ETF candidate,0.354,0.355,0.347,0.35,18166267.0,636077920.0,-1.69,3.92,,,,,eastmoney,push2his bulk kline curl fallback after AKShare TLS failure,market_history_backfill_v0_10_77,2026-07-28T06:10:48.831103+00:00,true,eastmoney,push2his bulk kline curl fallback after AKShare TLS failure,2026-07-28T06:10:48.831103+00:00,2026-07-28T06:10:48.831103+00:00,2026-07-28
2026-06-30,2026-06-30,real_estate_infra,real_estate_infra_etf_flow,512200,Real estate ETF candidate,1.179,1.188,1.174,1.186,521211.0,61596565.0,0.17,1.87,,,,,eastmoney,push2his bulk kline curl fallback after AKShare TLS failure,market_history_backfill_v0_10_77,2026-07-28T06:10:48.831103+00:00,true,eastmoney,push2his bulk kline curl fallback after AKShare TLS failure,2026-07-28T06:10:48.831103+00:00,2026-07-28T06:10:48.831103+00:00,2026-07-28
2026-06-30,2026-06-30,resources_materials,resources_materials_etf_flow,512400,Non-ferrous metals ETF candidate,1.831,1.856,1.804,1.854,4345969.0,795099931.0,-0.54,3.41,,,,,eastmoney,push2his bulk kline curl fallback after AKShare TLS failure,market_history_backfill_v0_10_77,2026-07-28T06:10:48.831103+00:00,true,eastmoney,push2his bulk kline curl fallback after AKShare TLS failure,2026-07-28T06:10:48.831103+00:00,2026-07-28T06:10:48.831103+00:00,2026-07-28
2026-06-30,2026-06-30,semiconductor,semiconductor_etf_flow,512480,Semiconductor ETF candidate,2.909,3.011,2.838,3.005,8292014.0,2441278518.0,3.3,4.43,,,,,eastmoney,push2his bulk kline curl fallback after AKShare TLS failure,market_history_backfill_v0_10_77,2026-07-28T06:10:48.831103+00:00,true,eastmoney,push2his bulk kline curl fallback after AKShare TLS failure,2026-07-28T06:10:48.831103+00:00,2026-07-28T06:10:48.831103+00:00,2026-07-28
2026-06-30,2026-06-30,defense_military,defense_military_etf_flow,512660,Defense ETF candidate,1.235,1.283,1.233,1.28,2675612.0,338084805.0,3.73,4.66,,,,,eastmoney,push2his bulk kline curl fallback after AKShare TLS failure,market_history_backfill_v0_10_77,2026-07-28T06:10:48.831103+00:00,true,eastmoney,push2his bulk kline curl fallback after AKShare TLS failure,2026-07-28T06:10:48.831103+00:00,2026-07-28T06:10:48.831103+00:00,2026-07-28
2026-06-30,2026-06-30,bank_insurance,bank_insurance_etf_flow,512800,Bank ETF candidate,0.747,0.747,0.728,0.734,18072523.0,1324801576.0,-2.13,12.77,,,,,eastmoney,push2his bulk kline curl fallback after AKShare TLS failure,market_history_backfill_v0_10_77,2026-07-28T06:10:48.831103+00:00,true,eastmoney,push2his bulk kline curl fallback after AKShare TLS failure,2026-07-28T06:10:48.831103+00:00,2026-07-28T06:10:48.831103+00:00,2026-07-28
2026-06-30,2026-06-30,new_energy_ev,new_energy_ev_etf_flow,515030,New energy vehicle ETF candidate,1.784,1.854,1.784,1.85,924216.0,168610231.0,2.89,5.83,,,,,eastmoney,push2his bulk kline curl fallback after AKShare TLS failure,market_history_backfill_v0_10_77,2026-07-28T06:10:48.831103+00:00,true,eastmoney,push2his bulk kline curl fallback after AKShare TLS failure,2026-07-28T06:10:48.831103+00:00,2026-07-28T06:10:48.831103+00:00,2026-07-28
2026-06-30,2026-06-30,communication_electronics,communication_electronics_etf_flow,515880,Communication ETF candidate,1.729,1.811,1.714,1.796,37038486.0,6560285259.0,4.72,5.59,,,,,eastmoney,push2his bulk kline curl fallback after AKShare TLS failure,market_history_backfill_v0_10_77,2026-07-28T06:10:48.831103+00:00,true,eastmoney,push2his bulk kline curl fallback after AKShare TLS failure,2026-07-28T06:10:48.831103+00:00,2026-07-28T06:10:48.831103+00:00,2026-07-28
2026-07-01,2026-07-01,ai_computer,ai_computer_etf_flow,159819,AI ETF candidate,2.228,2.266,2.143,2.176,5835445.0,1288476689.129,-2.51,5.11,,,,,eastmoney,push2his bulk kline curl fallback after AKShare TLS failure,market_history_backfill_v0_10_77,2026-07-28T06:10:48.831103+00:00,true,eastmoney,push2his bulk kline curl fallback after AKShare TLS failure,2026-07-28T06:10:48.831103+00:00,2026-07-28T06:10:48.831103+00:00,2026-07-28
2026-07-01,2026-07-01,consumer,consumer_etf_flow,159928,Consumer ETF candidate,0.614,0.634,0.611,0.63,5575080.0,347709719.853,2.44,2.41,,,,,eastmoney,push2his bulk kline curl fallback after AKShare TLS failure,market_history_backfill_v0_10_77,2026-07-28T06:10:48.831103+00:00,true,eastmoney,push2his bulk kline curl fallback after AKShare TLS failure,2026-07-28T06:10:48.831103+00:00,2026-07-28T06:10:48.831103+00:00,2026-07-28
2026-07-01,2026-07-01,brokerage,brokerage_etf_flow,512000,Brokerage ETF candidate,0.537,0.569,0.535,0.564,61137399.0,3401650045.0,5.03,8.03,,,,,eastmoney,push2his bulk kline curl fallback after AKShare TLS failure,market_history_backfill_v0_10_77,2026-07-28T06:10:48.831103+00:00,true,eastmoney,push2his bulk kline curl fallback after AKShare TLS failure,2026-07-28T06:10:48.831103+00:00,2026-07-28T06:10:48.831103+00:00,2026-07-28
2026-07-01,2026-07-01,healthcare_pharma,healthcare_pharma_etf_flow,512010,Healthcare ETF candidate,0.347,0.36,0.337,0.359,32662071.0,1139789975.0,2.57,7.04,,,,,eastmoney,push2his bulk kline curl fallback after AKShare TLS failure,market_history_backfill_v0_10_77,2026-07-28T06:10:48.831103+00:00,true,eastmoney,push2his bulk kline curl fallback after AKShare TLS failure,2026-07-28T06:10:48.831103+00:00,2026-07-28T06:10:48.831103+00:00,2026-07-28
2026-07-01,2026-07-01,real_estate_infra,real_estate_infra_etf_flow,512200,Real estate ETF candidate,1.182,1.231,1.18,1.214,1179614.0,142654364.0,2.36,4.23,,,,,eastmoney,push2his bulk kline curl fallback after AKShare TLS failure,market_history_backfill_v0_10_77,2026-07-28T06:10:48.831103+00:00,true,eastmoney,push2his bulk kline curl fallback after AKShare TLS failure,2026-07-28T06:10:48.831103+00:00,2026-07-28T06:10:48.831103+00:00,2026-07-28
2026-07-01,2026-07-01,resources_materials,resources_materials_etf_flow,512400,Non-ferrous metals ETF candidate,1.841,1.879,1.83,1.848,4761967.0,881893220.0,-0.32,3.74,,,,,eastmoney,push2his bulk kline curl fallback after AKShare TLS failure,market_history_backfill_v0_10_77,2026-07-28T06:10:48.831103+00:00,true,eastmoney,push2his bulk kline curl fallback after AKShare TLS failure,2026-07-28T06:10:48.831103+00:00,2026-07-28T06:10:48.831103+00:00,2026-07-28
2026-07-01,2026-07-01,semiconductor,semiconductor_etf_flow,512480,Semiconductor ETF candidate,3.005,3.113,2.9,2.943,9593499.0,2888373745.0,-2.06,5.13,,,,,eastmoney,push2his bulk kline curl fallback after AKShare TLS failure,market_history_backfill_v0_10_77,2026-07-28T06:10:48.831103+00:00,true,eastmoney,push2his bulk kline curl fallback after AKShare TLS failure,2026-07-28T06:10:48.831103+00:00,2026-07-28T06:10:48.831103+00:00,2026-07-28
2026-07-01,2026-07-01,defense_military,defense_military_etf_flow,512660,Defense ETF candidate,1.279,1.303,1.279,1.291,2824065.0,364818905.0,0.86,4.92,,,,,eastmoney,push2his bulk kline curl fallback after AKShare TLS failure,market_history_backfill_v0_10_77,2026-07-28T06:10:48.831103+00:00,true,eastmoney,push2his bulk kline curl fallback after AKShare TLS failure,2026-07-28T06:10:48.831103+00:00,2026-07-28T06:10:48.831103+00:00,2026-07-28
2026-07-01,2026-07-01,bank_insurance,bank_insurance_etf_flow,512800,Bank ETF candidate,0.732,0.74,0.728,0.737,11416374.0,839804165.0,0.41,8.06,,,,,eastmoney,push2his bulk kline curl fallback after AKShare TLS failure,market_history_backfill_v0_10_77,2026-07-28T06:10:48.831103+00:00,true,eastmoney,push2his bulk kline curl fallback after AKShare TLS failure,2026-07-28T06:10:48.831103+00:00,2026-07-28T06:10:48.831103+00:00,2026-07-28
2026-07-01,2026-07-01,new_energy_ev,new_energy_ev_etf_flow,515030,New energy vehicle ETF candidate,1.85,1.899,1.825,1.871,970397.0,179768691.0,1.14,6.12,,,,,eastmoney,push2his bulk kline curl fallback after AKShare TLS failure,market_history_backfill_v0_10_77,2026-07-28T06:10:48.831103+00:00,true,eastmoney,push2his bulk kline curl fallback after AKShare TLS failure,2026-07-28T06:10:48.831103+00:00,2026-07-28T06:10:48.831103+00:00,2026-07-28
2026-07-01,2026-07-01,communication_electronics,communication_electronics_etf_flow,515880,Communication ETF candidate,1.796,1.818,1.694,1.718,47573276.0,8328638049.0,-4.34,7.18,,,,,eastmoney,push2his bulk kline curl fallback after AKShare TLS failure,market_history_backfill_v0_10_77,2026-07-28T06:10:48.831103+00:00,true,eastmoney,push2his bulk kline curl fallback after AKShare TLS failure,2026-07-28T06:10:48.831103+00:00,2026-07-28T06:10:48.831103+00:00,2026-07-28
2026-07-02,2026-07-02,ai_computer,ai_computer_etf_flow,159819,AI ETF candidate,2.105,2.127,2.017,2.025,5294251.0,1096570231.849,-6.94,4.64,,,,,eastmoney,push2his bulk kline curl fallback after AKShare TLS failure,market_history_backfill_v0_10_77,2026-07-28T06:10:48.831103+00:00,true,eastmoney,push2his bulk kline curl fallback after AKShare TLS failure,2026-07-28T06:10:48.831103+00:00,2026-07-28T06:10:48.831103+00:00,2026-07-28
2026-07-02,2026-07-02,consumer,consumer_etf_flow,159928,Consumer ETF candidate,0.63,0.636,0.622,0.628,4883392.0,306656167.7,-0.32,2.11,,,,,eastmoney,push2his bulk kline curl fallback after AKShare TLS failure,market_history_backfill_v0_10_77,2026-07-28T06:10:48.831103+00:00,true,eastmoney,push2his bulk kline curl fallback after AKShare TLS failure,2026-07-28T06:10:48.831103+00:00,2026-07-28T06:10:48.831103+00:00,2026-07-28
2026-07-02,2026-07-02,brokerage,brokerage_etf_flow,512000,Brokerage ETF candidate,0.561,0.563,0.547,0.549,40716346.0,2246776306.0,-2.66,5.35,,,,,eastmoney,push2his bulk kline curl fallback after AKShare TLS failure,market_history_backfill_v0_10_77,2026-07-28T06:10:48.831103+00:00,true,eastmoney,push2his bulk kline curl fallback after AKShare TLS failure,2026-07-28T06:10:48.831103+00:00,2026-07-28T06:10:48.831103+00:00,2026-07-28
2026-07-02,2026-07-02,healthcare_pharma,healthcare_pharma_etf_flow,512010,Healthcare ETF candidate,0.358,0.367,0.355,0.357,24271316.0,874958967.0,-0.56,5.23,,,,,eastmoney,push2his bulk kline curl fallback after AKShare TLS failure,market_history_backfill_v0_10_77,2026-07-28T06:10:48.831103+00:00,true,eastmoney,push2his bulk kline curl fallback after AKShare TLS failure,2026-07-28T06:10:48.831103+00:00,2026-07-28T06:10:48.831103+00:00,2026-07-28
2026-07-02,2026-07-02,real_estate_infra,real_estate_infra_etf_flow,512200,Real estate ETF candidate,1.207,1.221,1.187,1.19,954625.0,114747528.0,-1.98,3.43,,,,,eastmoney,push2his bulk kline curl fallback after AKShare TLS failure,market_history_backfill_v0_10_77,2026-07-28T06:10:48.831103+00:00,true,eastmoney,push2his bulk kline curl fallback after AKShare TLS failure,2026-07-28T06:10:48.831103+00:00,2026-07-28T06:10:48.831103+00:00,2026-07-28
2026-07-02,2026-07-02,resources_materials,resources_materials_etf_flow,512400,Non-ferrous metals ETF candidate,1.863,1.913,1.827,1.88,6643508.0,1244117781.0,1.73,5.22,,,,,eastmoney,push2his bulk kline curl fallback after AKShare TLS failure,market_history_backfill_v0_10_77,2026-07-28T06:10:48.831103+00:00,true,eastmoney,push2his bulk kline curl fallback after AKShare TLS failure,2026-07-28T06:10:48.831103+00:00,2026-07-28T06:10:48.831103+00:00,2026-07-28
2026-07-02,2026-07-02,semiconductor,semiconductor_etf_flow,512480,Semiconductor ETF candidate,2.8,2.867,2.67,2.7,10956644.0,3033331697.0,-8.26,5.86,,,,,eastmoney,push2his bulk kline curl fallback after AKShare TLS failure,market_history_backfill_v0_10_77,2026-07-28T06:10:48.831103+00:00,true,eastmoney,push2his bulk kline curl fallback after AKShare TLS failure,2026-07-28T06:10:48.831103+00:00,2026-07-28T06:10:48.831103+00:00,2026-07-28
2026-07-02,2026-07-02,defense_military,defense_military_etf_flow,512660,Defense ETF candidate,1.28,1.292,1.252,1.256,2775132.0,353683641.0,-2.71,4.84,,,,,eastmoney,push2his bulk kline curl fallback after AKShare TLS failure,market_history_backfill_v0_10_77,2026-07-28T06:10:48.831103+00:00,true,eastmoney,push2his bulk kline curl fallback after AKShare TLS failure,2026-07-28T06:10:48.831103+00:00,2026-07-28T06:10:48.831103+00:00,2026-07-28
2026-07-02,2026-07-02,bank_insurance,bank_insurance_etf_flow,512800,Bank ETF candidate,0.737,0.754,0.737,0.748,23445865.0,1747898700.0,1.49,16.56,,,,,eastmoney,push2his bulk kline curl fallback after AKShare TLS failure,market_history_backfill_v0_10_77,2026-07-28T06:10:48.831103+00:00,true,eastmoney,push2his bulk kline curl fallback after AKShare TLS failure,2026-07-28T06:10:48.831103+00:00,2026-07-28T06:10:48.831103+00:00,2026-07-28
2026-07-02,2026-07-02,new_energy_ev,new_energy_ev_etf_flow,515030,New energy vehicle ETF candidate,1.854,1.902,1.846,1.855,1015964.0,190096316.0,-0.86,6.4,,,,,eastmoney,push2his bulk kline curl fallback after AKShare TLS failure,market_history_backfill_v0_10_77,2026-07-28T06:10:48.831103+00:00,true,eastmoney,push2his bulk kline curl fallback after AKShare TLS failure,2026-07-28T06:10:48.831103+00:00,2026-07-28T06:10:48.831103+00:00,2026-07-28
2026-07-02,2026-07-02,communication_electronics,communication_electronics_etf_flow,515880,Communication ETF candidate,1.65,1.66,1.562,1.576,49106812.0,7908433456.0,-8.27,7.41,,,,,eastmoney,push2his bulk kline curl fallback after AKShare TLS failure,market_history_backfill_v0_10_77,2026-07-28T06:10:48.831103+00:00,true,eastmoney,push2his bulk kline curl fallback after AKShare TLS failure,2026-07-28T06:10:48.831103+00:00,2026-07-28T06:10:48.831103+00:00,2026-07-28
2026-07-03,2026-07-03,ai_computer,ai_computer_etf_flow,159819,AI ETF candidate,2.001,2.098,2.0,2.04,3790393.0,779204497.647,0.74,3.32,,,,,eastmoney,push2his bulk kline curl fallback after AKShare TLS failure,market_history_backfill_v0_10_77,2026-07-28T06:10:48.831103+00:00,true,eastmoney,push2his bulk kline curl fallback after AKShare TLS failure,2026-07-28T06:10:48.831103+00:00,2026-07-28T06:10:48.831103+00:00,2026-07-28
2026-07-03,2026-07-03,consumer,consumer_etf_flow,159928,Consumer ETF candidate,0.628,0.635,0.623,0.628,4048483.0,254314111.9,0.0,1.75,,,,,eastmoney,push2his bulk kline curl fallback after AKShare TLS failure,market_history_backfill_v0_10_77,2026-07-28T06:10:48.831103+00:00,true,eastmoney,push2his bulk kline curl fallback after AKShare TLS failure,2026-07-28T06:10:48.831103+00:00,2026-07-28T06:10:48.831103+00:00,2026-07-28
2026-07-03,2026-07-03,brokerage,brokerage_etf_flow,512000,Brokerage ETF candidate,0.552,0.554,0.544,0.552,35416113.0,1943430812.0,0.55,4.65,,,,,eastmoney,push2his bulk kline curl fallback after AKShare TLS failure,market_history_backfill_v0_10_77,2026-07-28T06:10:48.831103+00:00,true,eastmoney,push2his bulk kline curl fallback after AKShare TLS failure,2026-07-28T06:10:48.831103+00:00,2026-07-28T06:10:48.831103+00:00,2026-07-28
2026-07-03,2026-07-03,healthcare_pharma,healthcare_pharma_etf_flow,512010,Healthcare ETF candidate,0.36,0.366,0.355,0.363,21115515.0,760551156.0,1.68,4.55,,,,,eastmoney,push2his bulk kline curl fallback after AKShare TLS failure,market_history_backfill_v0_10_77,2026-07-28T06:10:48.831103+00:00,true,eastmoney,push2his bulk kline curl fallback after AKShare TLS failure,2026-07-28T06:10:48.831103+00:00,2026-07-28T06:10:48.831103+00:00,2026-07-28
2026-07-03,2026-07-03,real_estate_infra,real_estate_infra_etf_flow,512200,Real estate ETF candidate,1.193,1.204,1.184,1.19,1027253.0,122513369.0,0.0,3.69,,,,,eastmoney,push2his bulk kline curl fallback after AKShare TLS failure,market_history_backfill_v0_10_77,2026-07-28T06:10:48.831103+00:00,true,eastmoney,push2his bulk kline curl fallback after AKShare TLS failure,2026-07-28T06:10:48.831103+00:00,2026-07-28T06:10:48.831103+00:00,2026-07-28
2026-07-03,2026-07-03,resources_materials,resources_materials_etf_flow,512400,Non-ferrous metals ETF candidate,1.916,1.932,1.885,1.892,7572541.0,1443790043.0,0.64,5.95,,,,,eastmoney,push2his bulk kline curl fallback after AKShare TLS failure,market_history_backfill_v0_10_77,2026-07-28T06:10:48.831103+00:00,true,eastmoney,push2his bulk kline curl fallback after AKShare TLS failure,2026-07-28T06:10:48.831103+00:00,2026-07-28T06:10:48.831103+00:00,2026-07-28
2026-07-03,2026-07-03,semiconductor,semiconductor_etf_flow,512480,Semiconductor ETF candidate,1.322,1.383,1.303,1.331,15949373.0,2134113665.0,-50.7,8.53,,,,,eastmoney,push2his bulk kline curl fallback after AKShare TLS failure,market_history_backfill_v0_10_77,2026-07-28T06:10:48.831103+00:00,true,eastmoney,push2his bulk kline curl fallback after AKShare TLS failure,2026-07-28T06:10:48.831103+00:00,2026-07-28T06:10:48.831103+00:00,2026-07-28
2026-07-03,2026-07-03,defense_military,defense_military_etf_flow,512660,Defense ETF candidate,1.255,1.312,1.254,1.301,3808493.0,492375282.0,3.58,6.64,,,,,eastmoney,push2his bulk kline curl fallback after AKShare TLS failure,market_history_backfill_v0_10_77,2026-07-28T06:10:48.831103+00:00,true,eastmoney,push2his bulk kline curl fallback after AKShare TLS failure,2026-07-28T06:10:48.831103+00:00,2026-07-28T06:10:48.831103+00:00,2026-07-28
2026-07-03,2026-07-03,bank_insurance,bank_insurance_etf_flow,512800,Bank ETF candidate,0.744,0.753,0.738,0.747,10234475.0,763563360.0,-0.13,7.23,,,,,eastmoney,push2his bulk kline curl fallback after AKShare TLS failure,market_history_backfill_v0_10_77,2026-07-28T06:10:48.831103+00:00,true,eastmoney,push2his bulk kline curl fallback after AKShare TLS failure,2026-07-28T06:10:48.831103+00:00,2026-07-28T06:10:48.831103+00:00,2026-07-28
2026-07-03,2026-07-03,new_energy_ev,new_energy_ev_etf_flow,515030,New energy vehicle ETF candidate,1.855,1.894,1.855,1.882,829353.0,155729329.0,1.46,5.23,,,,,eastmoney,push2his bulk kline curl fallback after AKShare TLS failure,market_history_backfill_v0_10_77,2026-07-28T06:10:48.831103+00:00,true,eastmoney,push2his bulk kline curl fallback after AKShare TLS failure,2026-07-28T06:10:48.831103+00:00,2026-07-28T06:10:48.831103+00:00,2026-07-28
2026-07-03,2026-07-03,communication_electronics,communication_electronics_etf_flow,515880,Communication ETF candidate,1.56,1.633,1.56,1.579,35660164.0,5698469888.0,0.19,5.38,,,,,eastmoney,push2his bulk kline curl fallback after AKShare TLS failure,market_history_backfill_v0_10_77,2026-07-28T06:10:48.831103+00:00,true,eastmoney,push2his bulk kline curl fallback after AKShare TLS failure,2026-07-28T06:10:48.831103+00:00,2026-07-28T06:10:48.831103+00:00,2026-07-28
2026-07-06,2026-07-06,ai_computer,ai_computer_etf_flow,159819,AI ETF candidate,2.062,2.072,1.969,2.021,3323495.0,672628263.747,-0.93,2.91,,,,,eastmoney,push2his bulk kline curl fallback after AKShare TLS failure,market_history_backfill_v0_10_77,2026-07-28T06:10:48.831103+00:00,true,eastmoney,push2his bulk kline curl fallback after AKShare TLS failure,2026-07-28T06:10:48.831103+00:00,2026-07-28T06:10:48.831103+00:00,2026-07-28
2026-07-06,2026-07-06,consumer,consumer_etf_flow,159928,Consumer ETF candidate,0.627,0.643,0.625,0.64,5695860.0,362575154.062,1.91,2.46,,,,,eastmoney,push2his bulk kline curl fallback after AKShare TLS failure,market_history_backfill_v0_10_77,2026-07-28T06:10:48.831103+00:00,true,eastmoney,push2his bulk kline curl fallback after AKShare TLS failure,2026-07-28T06:10:48.831103+00:00,2026-07-28T06:10:48.831103+00:00,2026-07-28
2026-07-06,2026-07-06,brokerage,brokerage_etf_flow,512000,Brokerage ETF candidate,0.56,0.563,0.548,0.553,27611923.0,1527240523.0,0.18,3.63,,,,,eastmoney,push2his bulk kline curl fallback after AKShare TLS failure,market_history_backfill_v0_10_77,2026-07-28T06:10:48.831103+00:00,true,eastmoney,push2his bulk kline curl fallback after AKShare TLS failure,2026-07-28T06:10:48.831103+00:00,2026-07-28T06:10:48.831103+00:00,2026-07-28
2026-07-06,2026-07-06,healthcare_pharma,healthcare_pharma_etf_flow,512010,Healthcare ETF candidate,0.362,0.375,0.358,0.367,28301529.0,1043385094.0,1.1,6.1,,,,,eastmoney,push2his bulk kline curl fallback after AKShare TLS failure,market_history_backfill_v0_10_77,2026-07-28T06:10:48.831103+00:00,true,eastmoney,push2his bulk kline curl fallback after AKShare TLS failure,2026-07-28T06:10:48.831103+00:00,2026-07-28T06:10:48.831103+00:00,2026-07-28
2026-07-06,2026-07-06,real_estate_infra,real_estate_infra_etf_flow,512200,Real estate ETF candidate,1.19,1.201,1.186,1.197,888510.0,105994285.0,0.59,3.19,,,,,eastmoney,push2his bulk kline curl fallback after AKShare TLS failure,market_history_backfill_v0_10_77,2026-07-28T06:10:48.831103+00:00,true,eastmoney,push2his bulk kline curl fallback after AKShare TLS failure,2026-07-28T06:10:48.831103+00:00,2026-07-28T06:10:48.831103+00:00,2026-07-28
2026-07-06,2026-07-06,resources_materials,resources_materials_etf_flow,512400,Non-ferrous metals ETF candidate,1.895,1.953,1.861,1.865,6547730.0,1250490706.0,-1.43,5.14,,,,,eastmoney,push2his bulk kline curl fallback after AKShare TLS failure,market_history_backfill_v0_10_77,2026-07-28T06:10:48.831103+00:00,true,eastmoney,push2his bulk kline curl fallback after AKShare TLS failure,2026-07-28T06:10:48.831103+00:00,2026-07-28T06:10:48.831103+00:00,2026-07-28
2026-07-06,2026-07-06,semiconductor,semiconductor_etf_flow,512480,Semiconductor ETF candidate,1.36,1.367,1.277,1.334,15961582.0,2118805797.0,0.23,8.54,,,,,eastmoney,push2his bulk kline curl fallback after AKShare TLS failure,market_history_backfill_v0_10_77,2026-07-28T06:10:48.831103+00:00,true,eastmoney,push2his bulk kline curl fallback after AKShare TLS failure,2026-07-28T06:10:48.831103+00:00,2026-07-28T06:10:48.831103+00:00,2026-07-28
2026-07-06,2026-07-06,defense_military,defense_military_etf_flow,512660,Defense ETF candidate,1.307,1.323,1.269,1.284,3431963.0,443545084.0,-1.31,5.98,,,,,eastmoney,push2his bulk kline curl fallback after AKShare TLS failure,market_history_backfill_v0_10_77,2026-07-28T06:10:48.831103+00:00,true,eastmoney,push2his bulk kline curl fallback after AKShare TLS failure,2026-07-28T06:10:48.831103+00:00,2026-07-28T06:10:48.831103+00:00,2026-07-28
2026-07-06,2026-07-06,bank_insurance,bank_insurance_etf_flow,512800,Bank ETF candidate,0.744,0.761,0.74,0.76,9878709.0,743062540.0,1.74,6.98,,,,,eastmoney,push2his bulk kline curl fallback after AKShare TLS failure,market_history_backfill_v0_10_77,2026-07-28T06:10:48.831103+00:00,true,eastmoney,push2his bulk kline curl fallback after AKShare TLS failure,2026-07-28T06:10:48.831103+00:00,2026-07-28T06:10:48.831103+00:00,2026-07-28
2026-07-06,2026-07-06,new_energy_ev,new_energy_ev_etf_flow,515030,New energy vehicle ETF candidate,1.881,1.897,1.831,1.832,959272.0,179097058.0,-2.66,6.05,,,,,eastmoney,push2his bulk kline curl fallback after AKShare TLS failure,market_history_backfill_v0_10_77,2026-07-28T06:10:48.831103+00:00,true,eastmoney,push2his bulk kline curl fallback after AKShare TLS failure,2026-07-28T06:10:48.831103+00:00,2026-07-28T06:10:48.831103+00:00,2026-07-28
2026-07-06,2026-07-06,communication_electronics,communication_electronics_etf_flow,515880,Communication ETF candidate,0.798,0.8,0.743,0.757,70680733.0,5402821028.0,-52.06,10.66,,,,,eastmoney,push2his bulk kline curl fallback after AKShare TLS failure,market_history_backfill_v0_10_77,2026-07-28T06:10:48.831103+00:00,true,eastmoney,push2his bulk kline curl fallback after AKShare TLS failure,2026-07-28T06:10:48.831103+00:00,2026-07-28T06:10:48.831103+00:00,2026-07-28
2026-07-07,2026-07-07,ai_computer,ai_computer_etf_flow,159819,人工智能ETF易方达,2.015,2.071,1.992,2.015,3097738.0,629528489.712,-0.3,2.79,11117229568.0,,,,akshare,fund_etf_spot_em+fund_etf_scale,akshare_etf_bridge_2026-07-07_145608,2026-07-07T14:56:08.594149+00:00,true,eastmoney,push2his bulk kline curl fallback after AKShare TLS failure,2026-07-28T06:10:48.831103+00:00,2026-07-28T06:10:48.831103+00:00,2026-07-28
2026-07-07,2026-07-07,consumer,consumer_etf_flow,159928,消费ETF汇添富,0.639,0.639,0.627,0.63,4551419.0,287305948.186,-1.56,1.95,23316628992.0,,,,akshare,fund_etf_spot_em+fund_etf_scale,akshare_etf_bridge_2026-07-07_145608,2026-07-07T14:56:08.594149+00:00,true,eastmoney,push2his bulk kline curl fallback after AKShare TLS failure,2026-07-28T06:10:48.831103+00:00,2026-07-28T06:10:48.831103+00:00,2026-07-28
2026-07-07,2026-07-07,brokerage,brokerage_etf_flow,512000,券商ETF华宝,0.551,0.552,0.535,0.537,26522040.0,1437391954.0,-2.89,3.62,73208434688.0,,,,akshare,fund_etf_spot_em+fund_etf_scale,akshare_etf_bridge_2026-07-07_145608,2026-07-07T14:56:08.594149+00:00,true,eastmoney,push2his bulk kline curl fallback after AKShare TLS failure,2026-07-28T06:10:48.831103+00:00,2026-07-28T06:10:48.831103+00:00,2026-07-28
2026-07-07,2026-07-07,healthcare_pharma,healthcare_pharma_etf_flow,512010,医药ETF易方达,0.363,0.364,0.353,0.354,18924111.0,677065095.0,-3.54,3.91,48405694976.0,,,,akshare,fund_etf_spot_em+fund_etf_scale,akshare_etf_bridge_2026-07-07_145608,2026-07-07T14:56:08.594149+00:00,true,eastmoney,push2his bulk kline curl fallback after AKShare TLS failure,2026-07-28T06:10:48.831103+00:00,2026-07-28T06:10:48.831103+00:00,2026-07-28
2026-07-07,2026-07-07,real_estate_infra,real_estate_infra_etf_flow,512200,房地产ETF南方,1.195,1.195,1.165,1.171,721192.0,84885078.0,-2.17,2.76,2609097904.0,,,,akshare,fund_etf_spot_em+fund_etf_scale,akshare_etf_bridge_2026-07-07_145608,2026-07-07T14:56:08.594149+00:00,true,eastmoney,push2his bulk kline curl fallback after AKShare TLS failure,2026-07-28T06:10:48.831103+00:00,2026-07-28T06:10:48.831103+00:00,2026-07-28
2026-07-07,2026-07-07,resources_materials,resources_materials_etf_flow,512400,有色金属ETF南方,1.837,1.855,1.799,1.803,5028288.0,917678780.0,-3.32,3.97,12679538944.0,,,,akshare,fund_etf_spot_em+fund_etf_scale,akshare_etf_bridge_2026-07-07_145608,2026-07-07T14:56:08.594149+00:00,true,eastmoney,push2his bulk kline curl fallback after AKShare TLS failure,2026-07-28T06:10:48.831103+00:00,2026-07-28T06:10:48.831103+00:00,2026-07-28
2026-07-07,2026-07-07,semiconductor,semiconductor_etf_flow,512480,半导体ETF国联安,1.31,1.365,1.299,1.336,12714319.0,1699973250.0,0.15,7.49,16978007296.0,,,,akshare,fund_etf_spot_em+fund_etf_scale,akshare_etf_bridge_2026-07-07_145608,2026-07-07T14:56:08.594149+00:00,true,eastmoney,push2his bulk kline curl fallback after AKShare TLS failure,2026-07-28T06:10:48.831103+00:00,2026-07-28T06:10:48.831103+00:00,2026-07-28
2026-07-07,2026-07-07,defense_military,defense_military_etf_flow,512660,军工ETF国泰,1.277,1.288,1.24,1.244,2587807.0,326242776.0,-3.12,4.78,5417080064.0,,,,akshare,fund_etf_spot_em+fund_etf_scale,akshare_etf_bridge_2026-07-07_145608,2026-07-07T14:56:08.594149+00:00,true,eastmoney,push2his bulk kline curl fallback after AKShare TLS failure,2026-07-28T06:10:48.831103+00:00,2026-07-28T06:10:48.831103+00:00,2026-07-28
2026-07-07,2026-07-07,bank_insurance,bank_insurance_etf_flow,512800,银行ETF华宝,0.759,0.763,0.751,0.759,16069101.0,1214082957.0,-0.13,11.12,14453079808.0,,,,akshare,fund_etf_spot_em+fund_etf_scale,akshare_etf_bridge_2026-07-07_145608,2026-07-07T14:56:08.594149+00:00,true,eastmoney,push2his bulk kline curl fallback after AKShare TLS failure,2026-07-28T06:10:48.831103+00:00,2026-07-28T06:10:48.831103+00:00,2026-07-28
2026-07-07,2026-07-07,new_energy_ev,new_energy_ev_etf_flow,515030,新能源车ETF华夏,1.83,1.867,1.808,1.816,811753.0,149083623.0,-0.87,4.97,1633384000.0,,,,akshare,fund_etf_spot_em+fund_etf_scale,akshare_etf_bridge_2026-07-07_145608,2026-07-07T14:56:08.594149+00:00,true,eastmoney,push2his bulk kline curl fallback after AKShare TLS failure,2026-07-28T06:10:48.831103+00:00,2026-07-28T06:10:48.831103+00:00,2026-07-28
2026-07-07,2026-07-07,communication_electronics,communication_electronics_etf_flow,515880,通信ETF国泰,0.75,0.773,0.742,0.761,70181991.0,5331025385.0,0.53,10.59,66283773952.0,,,,akshare,fund_etf_spot_em+fund_etf_scale,akshare_etf_bridge_2026-07-07_145608,2026-07-07T14:56:08.594149+00:00,true,eastmoney,push2his bulk kline curl fallback after AKShare TLS failure,2026-07-28T06:10:48.831103+00:00,2026-07-28T06:10:48.831103+00:00,2026-07-28
2026-07-08,2026-07-08,ai_computer,ai_computer_etf_flow,159819,人工智能ETF易方达,2.051,2.108,2.022,2.052,3906447.0,807496409.361,1.84,3.51,11117229568.0,11159229696.0,-42000128.0,-86184262.656,akshare,fund_etf_spot_em+fund_etf_scale,akshare_etf_bridge_2026-07-08_131745,2026-07-08T13:17:45.554264+00:00,true,eastmoney,push2his bulk kline curl fallback after AKShare TLS failure,2026-07-28T06:10:48.831103+00:00,2026-07-28T06:10:48.831103+00:00,2026-07-28
2026-07-08,2026-07-08,consumer,consumer_etf_flow,159928,消费ETF汇添富,0.629,0.633,0.621,0.625,3845963.0,240678474.244,-0.79,1.65,23316628992.0,23356628992.0,-40000000.0,-25000000.0,akshare,fund_etf_spot_em+fund_etf_scale,akshare_etf_bridge_2026-07-08_131745,2026-07-08T13:17:45.554264+00:00,true,eastmoney,push2his bulk kline curl fallback after AKShare TLS failure,2026-07-28T06:10:48.831103+00:00,2026-07-28T06:10:48.831103+00:00,2026-07-28
2026-07-08,2026-07-08,brokerage,brokerage_etf_flow,512000,券商ETF华宝,0.536,0.542,0.53,0.53,23445893.0,1253277254.0,-1.3,3.2,73208434688.0,73208434688.0,0.0,0.0,akshare,fund_etf_spot_em+fund_etf_scale,akshare_etf_bridge_2026-07-08_131745,2026-07-08T13:17:45.554264+00:00,true,eastmoney,push2his bulk kline curl fallback after AKShare TLS failure,2026-07-28T06:10:48.831103+00:00,2026-07-28T06:10:48.831103+00:00,2026-07-28
2026-07-08,2026-07-08,healthcare_pharma,healthcare_pharma_etf_flow,512010,医药ETF易方达,0.355,0.359,0.349,0.349,14650209.0,516761665.0,-1.41,3.03,48405694976.0,48405694976.0,0.0,0.0,akshare,fund_etf_spot_em+fund_etf_scale,akshare_etf_bridge_2026-07-08_131745,2026-07-08T13:17:45.554264+00:00,true,eastmoney,push2his bulk kline curl fallback after AKShare TLS failure,2026-07-28T06:10:48.831103+00:00,2026-07-28T06:10:48.831103+00:00,2026-07-28
2026-07-08,2026-07-08,real_estate_infra,real_estate_infra_etf_flow,512200,房地产ETF南方,1.172,1.18,1.16,1.177,667829.0,78165826.0,0.51,2.56,2609097904.0,2609097904.0,0.0,0.0,akshare,fund_etf_spot_em+fund_etf_scale,akshare_etf_bridge_2026-07-08_131745,2026-07-08T13:17:45.554264+00:00,true,eastmoney,push2his bulk kline curl fallback after AKShare TLS failure,2026-07-28T06:10:48.831103+00:00,2026-07-28T06:10:48.831103+00:00,2026-07-28
2026-07-08,2026-07-08,resources_materials,resources_materials_etf_flow,512400,有色金属ETF南方,1.79,1.799,1.75,1.75,4488156.0,797936585.0,-2.94,3.54,12679538944.0,12679538944.0,0.0,0.0,akshare,fund_etf_spot_em+fund_etf_scale,akshare_etf_bridge_2026-07-08_131745,2026-07-08T13:17:45.554264+00:00,true,eastmoney,push2his bulk kline curl fallback after AKShare TLS failure,2026-07-28T06:10:48.831103+00:00,2026-07-28T06:10:48.831103+00:00,2026-07-28
2026-07-08,2026-07-08,semiconductor,semiconductor_etf_flow,512480,半导体ETF国联安,1.342,1.389,1.29,1.339,14497951.0,1945067169.0,0.22,8.54,16978007296.0,16978007296.0,0.0,0.0,akshare,fund_etf_spot_em+fund_etf_scale,akshare_etf_bridge_2026-07-08_131745,2026-07-08T13:17:45.554264+00:00,true,eastmoney,push2his bulk kline curl fallback after AKShare TLS failure,2026-07-28T06:10:48.831103+00:00,2026-07-28T06:10:48.831103+00:00,2026-07-28
2026-07-08,2026-07-08,defense_military,defense_military_etf_flow,512660,军工ETF国泰,1.244,1.254,1.216,1.219,2257116.0,277735779.0,-2.01,4.17,5417080064.0,5417080064.0,0.0,0.0,akshare,fund_etf_spot_em+fund_etf_scale,akshare_etf_bridge_2026-07-08_131745,2026-07-08T13:17:45.554264+00:00,true,eastmoney,push2his bulk kline curl fallback after AKShare TLS failure,2026-07-28T06:10:48.831103+00:00,2026-07-28T06:10:48.831103+00:00,2026-07-28
2026-07-08,2026-07-08,bank_insurance,bank_insurance_etf_flow,512800,银行ETF华宝,0.758,0.77,0.752,0.77,10262567.0,785232565.0,1.45,7.1,14453079808.0,14453079808.0,0.0,0.0,akshare,fund_etf_spot_em+fund_etf_scale,akshare_etf_bridge_2026-07-08_131745,2026-07-08T13:17:45.554264+00:00,true,eastmoney,push2his bulk kline curl fallback after AKShare TLS failure,2026-07-28T06:10:48.831103+00:00,2026-07-28T06:10:48.831103+00:00,2026-07-28
2026-07-08,2026-07-08,new_energy_ev,new_energy_ev_etf_flow,515030,新能源车ETF华夏,1.81,1.815,1.719,1.72,982406.0,171662510.0,-5.29,6.01,1633384000.0,1637384000.0,-4000000.0,-6880000.0,akshare,fund_etf_spot_em+fund_etf_scale,akshare_etf_bridge_2026-07-08_131745,2026-07-08T13:17:45.554264+00:00,true,eastmoney,push2his bulk kline curl fallback after AKShare TLS failure,2026-07-28T06:10:48.831103+00:00,2026-07-28T06:10:48.831103+00:00,2026-07-28
2026-07-08,2026-07-08,communication_electronics,communication_electronics_etf_flow,515880,通信ETF国泰,0.769,0.785,0.747,0.757,62745983.0,4810678792.0,-0.53,9.47,66283773952.0,67281774080.0,-998000128.0,-755486096.896,akshare,fund_etf_spot_em+fund_etf_scale,akshare_etf_bridge_2026-07-08_131745,2026-07-08T13:17:45.554264+00:00,true,eastmoney,push2his bulk kline curl fallback after AKShare TLS failure,2026-07-28T06:10:48.831103+00:00,2026-07-28T06:10:48.831103+00:00,2026-07-28
2026-07-09,2026-07-09,ai_computer,ai_computer_etf_flow,159819,人工智能ETF易方达,2.08,2.186,2.049,2.185,5134816.0,1083559059.655,6.48,4.6,11173229568.0,11117229568.0,56000000.0,122360000.0,akshare,fund_etf_spot_em+fund_etf_scale,akshare_etf_bridge_2026-07-09_113623,2026-07-09T11:36:23.813190+00:00,true,eastmoney,push2his bulk kline curl fallback after AKShare TLS failure,2026-07-28T06:10:48.831103+00:00,2026-07-28T06:10:48.831103+00:00,2026-07-28
2026-07-09,2026-07-09,consumer,consumer_etf_flow,159928,消费ETF汇添富,0.624,0.625,0.616,0.618,4573003.0,283347154.54,-1.12,1.96,23372628992.0,23316628992.0,56000000.0,34608000.0,akshare,fund_etf_spot_em+fund_etf_scale,akshare_etf_bridge_2026-07-09_113623,2026-07-09T11:36:23.813190+00:00,true,eastmoney,push2his bulk kline curl fallback after AKShare TLS failure,2026-07-28T06:10:48.831103+00:00,2026-07-28T06:10:48.831103+00:00,2026-07-28
2026-07-09,2026-07-09,brokerage,brokerage_etf_flow,512000,券商ETF华宝,0.532,0.544,0.529,0.542,26033349.0,1393908958.0,2.26,3.51,74097037312.0,73208434688.0,888602624.0,481622622.208,akshare,fund_etf_spot_em+fund_etf_scale,akshare_etf_bridge_2026-07-09_113623,2026-07-09T11:36:23.813190+00:00,true,eastmoney,push2his bulk kline curl fallback after AKShare TLS failure,2026-07-28T06:10:48.831103+00:00,2026-07-28T06:10:48.831103+00:00,2026-07-28
2026-07-09,2026-07-09,healthcare_pharma,healthcare_pharma_etf_flow,512010,医药ETF易方达,0.346,0.36,0.345,0.356,15884028.0,560774637.0,2.01,3.24,49089694976.0,48405694976.0,684000000.0,243504000.0,akshare,fund_etf_spot_em+fund_etf_scale,akshare_etf_bridge_2026-07-09_113623,2026-07-09T11:36:23.813190+00:00,true,eastmoney,push2his bulk kline curl fallback after AKShare TLS failure,2026-07-28T06:10:48.831103+00:00,2026-07-28T06:10:48.831103+00:00,2026-07-28
2026-07-09,2026-07-09,real_estate_infra,real_estate_infra_etf_flow,512200,房地产ETF南方,1.176,1.189,1.166,1.189,678983.0,79824550.0,1.02,2.61,2605097904.0,2609097904.0,-4000000.0,-4756000.0,akshare,fund_etf_spot_em+fund_etf_scale,akshare_etf_bridge_2026-07-09_113623,2026-07-09T11:36:23.813190+00:00,true,eastmoney,push2his bulk kline curl fallback after AKShare TLS failure,2026-07-28T06:10:48.831103+00:00,2026-07-28T06:10:48.831103+00:00,2026-07-28
2026-07-09,2026-07-09,resources_materials,resources_materials_etf_flow,512400,有色金属ETF南方,1.73,1.763,1.665,1.745,7022946.0,1204320293.0,-0.29,5.55,12654039040.0,12679538944.0,-25499904.0,-44497332.480000004,akshare,fund_etf_spot_em+fund_etf_scale,akshare_etf_bridge_2026-07-09_113623,2026-07-09T11:36:23.813190+00:00,true,eastmoney,push2his bulk kline curl fallback after AKShare TLS failure,2026-07-28T06:10:48.831103+00:00,2026-07-28T06:10:48.831103+00:00,2026-07-28
2026-07-09,2026-07-09,semiconductor,semiconductor_etf_flow,512480,半导体ETF国联安,1.362,1.473,1.346,1.471,18520142.0,2594965472.0,9.86,10.95,16910007296.0,16978007296.0,-68000000.0,-100028000.0,akshare,fund_etf_spot_em+fund_etf_scale,akshare_etf_bridge_2026-07-09_113623,2026-07-09T11:36:23.813190+00:00,true,eastmoney,push2his bulk kline curl fallback after AKShare TLS failure,2026-07-28T06:10:48.831103+00:00,2026-07-28T06:10:48.831103+00:00,2026-07-28
2026-07-09,2026-07-09,defense_military,defense_military_etf_flow,512660,军工ETF国泰,1.22,1.246,1.194,1.243,2904628.0,353464296.0,1.97,5.31,5469080064.0,5417080064.0,52000000.0,64636000.00000001,akshare,fund_etf_spot_em+fund_etf_scale,akshare_etf_bridge_2026-07-09_113623,2026-07-09T11:36:23.813190+00:00,true,eastmoney,push2his bulk kline curl fallback after AKShare TLS failure,2026-07-28T06:10:48.831103+00:00,2026-07-28T06:10:48.831103+00:00,2026-07-28
2026-07-09,2026-07-09,bank_insurance,bank_insurance_etf_flow,512800,银行ETF华宝,0.764,0.766,0.758,0.761,10679433.0,813588827.0,-1.17,7.7,13865079808.0,14453079808.0,-588000000.0,-447468000.0,akshare,fund_etf_spot_em+fund_etf_scale,akshare_etf_bridge_2026-07-09_113623,2026-07-09T11:36:23.813190+00:00,true,eastmoney,push2his bulk kline curl fallback after AKShare TLS failure,2026-07-28T06:10:48.831103+00:00,2026-07-28T06:10:48.831103+00:00,2026-07-28
2026-07-09,2026-07-09,new_energy_ev,new_energy_ev_etf_flow,515030,新能源车ETF华夏,1.706,1.723,1.647,1.714,1274353.0,214913322.0,-0.35,7.77,1639384000.0,1633384000.0,6000000.0,10284000.0,akshare,fund_etf_spot_em+fund_etf_scale,akshare_etf_bridge_2026-07-09_113623,2026-07-09T11:36:23.813190+00:00,true,eastmoney,push2his bulk kline curl fallback after AKShare TLS failure,2026-07-28T06:10:48.831103+00:00,2026-07-28T06:10:48.831103+00:00,2026-07-28
2026-07-09,2026-07-09,communication_electronics,communication_electronics_etf_flow,515880,通信ETF国泰,0.768,0.807,0.75,0.807,91328309.0,7102781938.0,6.61,13.37,68297774080.0,66283773952.0,2014000128.0,1625298103.296,akshare,fund_etf_spot_em+fund_etf_scale,akshare_etf_bridge_2026-07-09_113623,2026-07-09T11:36:23.813190+00:00,true,eastmoney,push2his bulk kline curl fallback after AKShare TLS failure,2026-07-28T06:10:48.831103+00:00,2026-07-28T06:10:48.831103+00:00,2026-07-28
2026-07-10,2026-07-10,ai_computer,ai_computer_etf_flow,159819,人工智能ETF易方达,2.189,2.246,2.116,2.116,4735202.0,1038237217.847,-3.16,4.24,11173229568.0,11173229568.0,0.0,0.0,akshare,fund_etf_spot_em+fund_etf_scale,akshare_etf_bridge_2026-07-10_113430,2026-07-10T11:34:30.168365+00:00,true,eastmoney,push2his bulk kline curl fallback after AKShare TLS failure,2026-07-28T06:10:48.831103+00:00,2026-07-28T06:10:48.831103+00:00,2026-07-28
2026-07-10,2026-07-10,consumer,consumer_etf_flow,159928,消费ETF汇添富,0.617,0.634,0.611,0.632,5378312.0,337211379.628,2.27,2.3,23372628992.0,23372628992.0,0.0,0.0,akshare,fund_etf_spot_em+fund_etf_scale,akshare_etf_bridge_2026-07-10_113430,2026-07-10T11:34:30.168365+00:00,true,eastmoney,push2his bulk kline curl fallback after AKShare TLS failure,2026-07-28T06:10:48.831103+00:00,2026-07-28T06:10:48.831103+00:00,2026-07-28
2026-07-10,2026-07-10,brokerage,brokerage_etf_flow,512000,券商ETF华宝,0.54,0.54,0.53,0.532,27198672.0,1451683057.0,-1.85,3.67,74097037312.0,74097037312.0,0.0,0.0,akshare,fund_etf_spot_em+fund_etf_scale,akshare_etf_bridge_2026-07-10_113430,2026-07-10T11:34:30.168365+00:00,true,eastmoney,push2his bulk kline curl fallback after AKShare TLS failure,2026-07-28T06:10:48.831103+00:00,2026-07-28T06:10:48.831103+00:00,2026-07-28
2026-07-10,2026-07-10,healthcare_pharma,healthcare_pharma_etf_flow,512010,医药ETF易方达,0.354,0.368,0.352,0.363,21873307.0,793095489.0,1.97,4.46,49089694976.0,49089694976.0,0.0,0.0,akshare,fund_etf_spot_em+fund_etf_scale,akshare_etf_bridge_2026-07-10_113430,2026-07-10T11:34:30.168365+00:00,true,eastmoney,push2his bulk kline curl fallback after AKShare TLS failure,2026-07-28T06:10:48.831103+00:00,2026-07-28T06:10:48.831103+00:00,2026-07-28
2026-07-10,2026-07-10,real_estate_infra,real_estate_infra_etf_flow,512200,房地产ETF南方,1.184,1.235,1.18,1.216,1577825.0,191582676.0,2.27,6.06,2605097904.0,2605097904.0,0.0,0.0,akshare,fund_etf_spot_em+fund_etf_scale,akshare_etf_bridge_2026-07-10_113430,2026-07-10T11:34:30.168365+00:00,true,eastmoney,push2his bulk kline curl fallback after AKShare TLS failure,2026-07-28T06:10:48.831103+00:00,2026-07-28T06:10:48.831103+00:00,2026-07-28
2026-07-10,2026-07-10,resources_materials,resources_materials_etf_flow,512400,有色金属ETF南方,1.75,1.803,1.729,1.756,5023442.0,887214916.0,0.63,3.97,12654039040.0,12654039040.0,0.0,0.0,akshare,fund_etf_spot_em+fund_etf_scale,akshare_etf_bridge_2026-07-10_113430,2026-07-10T11:34:30.168365+00:00,true,eastmoney,push2his bulk kline curl fallback after AKShare TLS failure,2026-07-28T06:10:48.831103+00:00,2026-07-28T06:10:48.831103+00:00,2026-07-28
2026-07-10,2026-07-10,semiconductor,semiconductor_etf_flow,512480,半导体ETF国联安,1.487,1.512,1.366,1.369,25192140.0,3682685755.0,-6.93,14.9,16910007296.0,16910007296.0,0.0,0.0,akshare,fund_etf_spot_em+fund_etf_scale,akshare_etf_bridge_2026-07-10_113430,2026-07-10T11:34:30.168365+00:00,true,eastmoney,push2his bulk kline curl fallback after AKShare TLS failure,2026-07-28T06:10:48.831103+00:00,2026-07-28T06:10:48.831103+00:00,2026-07-28
2026-07-10,2026-07-10,defense_military,defense_military_etf_flow,512660,军工ETF国泰,1.239,1.325,1.239,1.281,5296270.0,681035457.0,3.06,9.68,5469080064.0,5469080064.0,0.0,0.0,akshare,fund_etf_spot_em+fund_etf_scale,akshare_etf_bridge_2026-07-10_113430,2026-07-10T11:34:30.168365+00:00,true,eastmoney,push2his bulk kline curl fallback after AKShare TLS failure,2026-07-28T06:10:48.831103+00:00,2026-07-28T06:10:48.831103+00:00,2026-07-28
2026-07-10,2026-07-10,bank_insurance,bank_insurance_etf_flow,512800,银行ETF华宝,0.761,0.767,0.758,0.767,9640557.0,735054599.0,0.79,6.95,13865079808.0,13865079808.0,0.0,0.0,akshare,fund_etf_spot_em+fund_etf_scale,akshare_etf_bridge_2026-07-10_113430,2026-07-10T11:34:30.168365+00:00,true,eastmoney,push2his bulk kline curl fallback after AKShare TLS failure,2026-07-28T06:10:48.831103+00:00,2026-07-28T06:10:48.831103+00:00,2026-07-28
2026-07-10,2026-07-10,new_energy_ev,new_energy_ev_etf_flow,515030,新能源车ETF华夏,1.71,1.717,1.67,1.671,946239.0,160801261.0,-2.51,5.77,1640384000.0,1639384000.0,1000000.0,1671000.0,akshare,fund_etf_spot_em+fund_etf_scale,akshare_etf_bridge_2026-07-10_113430,2026-07-10T11:34:30.168365+00:00,true,eastmoney,push2his bulk kline curl fallback after AKShare TLS failure,2026-07-28T06:10:48.831103+00:00,2026-07-28T06:10:48.831103+00:00,2026-07-28
2026-07-10,2026-07-10,communication_electronics,communication_electronics_etf_flow,515880,通信ETF国泰,0.815,0.828,0.778,0.779,77459821.0,6250015635.0,-3.47,11.34,68297774080.0,68297774080.0,0.0,0.0,akshare,fund_etf_spot_em+fund_etf_scale,akshare_etf_bridge_2026-07-10_113430,2026-07-10T11:34:30.168365+00:00,true,eastmoney,push2his bulk kline curl fallback after AKShare TLS failure,2026-07-28T06:10:48.831103+00:00,2026-07-28T06:10:48.831103+00:00,2026-07-28
2026-07-13,2026-07-13,ai_computer,ai_computer_etf_flow,159819,AI ETF candidate,2.11,2.156,2.024,2.051,4237103.0,885645224.663,-3.07,3.71,,,,,eastmoney,push2his bulk kline curl fallback after AKShare TLS failure,market_history_backfill_v0_10_77,2026-07-28T06:10:48.831103+00:00,true,eastmoney,push2his bulk kline curl fallback after AKShare TLS failure,2026-07-28T06:10:48.831103+00:00,2026-07-28T06:10:48.831103+00:00,2026-07-28
2026-07-13,2026-07-13,consumer,consumer_etf_flow,159928,Consumer ETF candidate,0.628,0.635,0.623,0.631,5863664.0,368710951.451,-0.16,2.54,,,,,eastmoney,push2his bulk kline curl fallback after AKShare TLS failure,market_history_backfill_v0_10_77,2026-07-28T06:10:48.831103+00:00,true,eastmoney,push2his bulk kline curl fallback after AKShare TLS failure,2026-07-28T06:10:48.831103+00:00,2026-07-28T06:10:48.831103+00:00,2026-07-28
2026-07-13,2026-07-13,brokerage,brokerage_etf_flow,512000,Brokerage ETF candidate,0.529,0.533,0.524,0.525,22365618.0,1179412000.0,-1.32,2.94,,,,,eastmoney,push2his bulk kline curl fallback after AKShare TLS failure,market_history_backfill_v0_10_77,2026-07-28T06:10:48.831103+00:00,true,eastmoney,push2his bulk kline curl fallback after AKShare TLS failure,2026-07-28T06:10:48.831103+00:00,2026-07-28T06:10:48.831103+00:00,2026-07-28
2026-07-13,2026-07-13,healthcare_pharma,healthcare_pharma_etf_flow,512010,Healthcare ETF candidate,0.362,0.364,0.357,0.36,13989540.0,503831116.0,-0.83,3.02,,,,,eastmoney,push2his bulk kline curl fallback after AKShare TLS failure,market_history_backfill_v0_10_77,2026-07-28T06:10:48.831103+00:00,true,eastmoney,push2his bulk kline curl fallback after AKShare TLS failure,2026-07-28T06:10:48.831103+00:00,2026-07-28T06:10:48.831103+00:00,2026-07-28
2026-07-13,2026-07-13,real_estate_infra,real_estate_infra_etf_flow,512200,Real estate ETF candidate,1.207,1.211,1.176,1.178,726245.0,86463355.0,-3.13,2.61,,,,,eastmoney,push2his bulk kline curl fallback after AKShare TLS failure,market_history_backfill_v0_10_77,2026-07-28T06:10:48.831103+00:00,true,eastmoney,push2his bulk kline curl fallback after AKShare TLS failure,2026-07-28T06:10:48.831103+00:00,2026-07-28T06:10:48.831103+00:00,2026-07-28
2026-07-13,2026-07-13,resources_materials,resources_materials_etf_flow,512400,Non-ferrous metals ETF candidate,1.734,1.734,1.673,1.679,4089751.0,694120149.0,-4.38,3.21,,,,,eastmoney,push2his bulk kline curl fallback after AKShare TLS failure,market_history_backfill_v0_10_77,2026-07-28T06:10:48.831103+00:00,true,eastmoney,push2his bulk kline curl fallback after AKShare TLS failure,2026-07-28T06:10:48.831103+00:00,2026-07-28T06:10:48.831103+00:00,2026-07-28
2026-07-13,2026-07-13,semiconductor,semiconductor_etf_flow,512480,Semiconductor ETF candidate,1.33,1.385,1.28,1.292,16362728.0,2174189014.0,-5.62,8.75,,,,,eastmoney,push2his bulk kline curl fallback after AKShare TLS failure,market_history_backfill_v0_10_77,2026-07-28T06:10:48.831103+00:00,true,eastmoney,push2his bulk kline curl fallback after AKShare TLS failure,2026-07-28T06:10:48.831103+00:00,2026-07-28T06:10:48.831103+00:00,2026-07-28
2026-07-13,2026-07-13,defense_military,defense_military_etf_flow,512660,Defense ETF candidate,1.274,1.276,1.189,1.192,4441749.0,537688881.0,-6.95,7.74,,,,,eastmoney,push2his bulk kline curl fallback after AKShare TLS failure,market_history_backfill_v0_10_77,2026-07-28T06:10:48.831103+00:00,true,eastmoney,push2his bulk kline curl fallback after AKShare TLS failure,2026-07-28T06:10:48.831103+00:00,2026-07-28T06:10:48.831103+00:00,2026-07-28
2026-07-13,2026-07-13,bank_insurance,bank_insurance_etf_flow,512800,Bank ETF candidate,0.764,0.781,0.762,0.779,15286525.0,1186670038.0,1.56,10.8,,,,,eastmoney,push2his bulk kline curl fallback after AKShare TLS failure,market_history_backfill_v0_10_77,2026-07-28T06:10:48.831103+00:00,true,eastmoney,push2his bulk kline curl fallback after AKShare TLS failure,2026-07-28T06:10:48.831103+00:00,2026-07-28T06:10:48.831103+00:00,2026-07-28
2026-07-13,2026-07-13,new_energy_ev,new_energy_ev_etf_flow,515030,New energy vehicle ETF candidate,1.652,1.652,1.595,1.6,906957.0,146700672.0,-4.25,5.72,,,,,eastmoney,push2his bulk kline curl fallback after AKShare TLS failure,market_history_backfill_v0_10_77,2026-07-28T06:10:48.831103+00:00,true,eastmoney,push2his bulk kline curl fallback after AKShare TLS failure,2026-07-28T06:10:48.831103+00:00,2026-07-28T06:10:48.831103+00:00,2026-07-28
2026-07-13,2026-07-13,communication_electronics,communication_electronics_etf_flow,515880,Communication ETF candidate,0.761,0.783,0.731,0.738,53432032.0,4025785595.0,-5.26,8.06,,,,,eastmoney,push2his bulk kline curl fallback after AKShare TLS failure,market_history_backfill_v0_10_77,2026-07-28T06:10:48.831103+00:00,true,eastmoney,push2his bulk kline curl fallback after AKShare TLS failure,2026-07-28T06:10:48.831103+00:00,2026-07-28T06:10:48.831103+00:00,2026-07-28
2026-07-14,2026-07-14,ai_computer,ai_computer_etf_flow,159819,AI ETF candidate,2.055,2.086,1.966,2.085,4844765.0,985137917.828,1.66,4.25,,,,,eastmoney,push2his bulk kline curl fallback after AKShare TLS failure,market_history_backfill_v0_10_77,2026-07-28T06:10:48.831103+00:00,true,eastmoney,push2his bulk kline curl fallback after AKShare TLS failure,2026-07-28T06:10:48.831103+00:00,2026-07-28T06:10:48.831103+00:00,2026-07-28
2026-07-14,2026-07-14,consumer,consumer_etf_flow,159928,Consumer ETF candidate,0.633,0.634,0.626,0.632,4957571.0,312498560.7,0.16,2.14,,,,,eastmoney,push2his bulk kline curl fallback after AKShare TLS failure,market_history_backfill_v0_10_77,2026-07-28T06:10:48.831103+00:00,true,eastmoney,push2his bulk kline curl fallback after AKShare TLS failure,2026-07-28T06:10:48.831103+00:00,2026-07-28T06:10:48.831103+00:00,2026-07-28
2026-07-14,2026-07-14,brokerage,brokerage_etf_flow,512000,Brokerage ETF candidate,0.525,0.528,0.518,0.528,27706250.0,1450634443.0,0.57,3.64,,,,,eastmoney,push2his bulk kline curl fallback after AKShare TLS failure,market_history_backfill_v0_10_77,2026-07-28T06:10:48.831103+00:00,true,eastmoney,push2his bulk kline curl fallback after AKShare TLS failure,2026-07-28T06:10:48.831103+00:00,2026-07-28T06:10:48.831103+00:00,2026-07-28
2026-07-14,2026-07-14,healthcare_pharma,healthcare_pharma_etf_flow,512010,Healthcare ETF candidate,0.358,0.368,0.356,0.367,17980653.0,654176171.0,1.94,3.88,,,,,eastmoney,push2his bulk kline curl fallback after AKShare TLS failure,market_history_backfill_v0_10_77,2026-07-28T06:10:48.831103+00:00,true,eastmoney,push2his bulk kline curl fallback after AKShare TLS failure,2026-07-28T06:10:48.831103+00:00,2026-07-28T06:10:48.831103+00:00,2026-07-28
2026-07-14,2026-07-14,real_estate_infra,real_estate_infra_etf_flow,512200,Real estate ETF candidate,1.181,1.19,1.168,1.187,625159.0,73558648.0,0.76,2.24,,,,,eastmoney,push2his bulk kline curl fallback after AKShare TLS failure,market_history_backfill_v0_10_77,2026-07-28T06:10:48.831103+00:00,true,eastmoney,push2his bulk kline curl fallback after AKShare TLS failure,2026-07-28T06:10:48.831103+00:00,2026-07-28T06:10:48.831103+00:00,2026-07-28
2026-07-14,2026-07-14,resources_materials,resources_materials_etf_flow,512400,Non-ferrous metals ETF candidate,1.667,1.774,1.658,1.774,6742199.0,1160795248.0,5.66,5.29,,,,,eastmoney,push2his bulk kline curl fallback after AKShare TLS failure,market_history_backfill_v0_10_77,2026-07-28T06:10:48.831103+00:00,true,eastmoney,push2his bulk kline curl fallback after AKShare TLS failure,2026-07-28T06:10:48.831103+00:00,2026-07-28T06:10:48.831103+00:00,2026-07-28
2026-07-14,2026-07-14,semiconductor,semiconductor_etf_flow,512480,Semiconductor ETF candidate,1.285,1.317,1.223,1.308,17300252.0,2216528858.0,1.24,9.25,,,,,eastmoney,push2his bulk kline curl fallback after AKShare TLS failure,market_history_backfill_v0_10_77,2026-07-28T06:10:48.831103+00:00,true,eastmoney,push2his bulk kline curl fallback after AKShare TLS failure,2026-07-28T06:10:48.831103+00:00,2026-07-28T06:10:48.831103+00:00,2026-07-28
2026-07-14,2026-07-14,defense_military,defense_military_etf_flow,512660,Defense ETF candidate,1.182,1.187,1.126,1.158,3700219.0,425048000.0,-2.85,6.45,,,,,eastmoney,push2his bulk kline curl fallback after AKShare TLS failure,market_history_backfill_v0_10_77,2026-07-28T06:10:48.831103+00:00,true,eastmoney,push2his bulk kline curl fallback after AKShare TLS failure,2026-07-28T06:10:48.831103+00:00,2026-07-28T06:10:48.831103+00:00,2026-07-28
2026-07-14,2026-07-14,bank_insurance,bank_insurance_etf_flow,512800,Bank ETF candidate,0.778,0.783,0.773,0.781,9956123.0,774934537.0,0.26,7.03,,,,,eastmoney,push2his bulk kline curl fallback after AKShare TLS failure,market_history_backfill_v0_10_77,2026-07-28T06:10:48.831103+00:00,true,eastmoney,push2his bulk kline curl fallback after AKShare TLS failure,2026-07-28T06:10:48.831103+00:00,2026-07-28T06:10:48.831103+00:00,2026-07-28
2026-07-14,2026-07-14,new_energy_ev,new_energy_ev_etf_flow,515030,New energy vehicle ETF candidate,1.596,1.631,1.574,1.63,979974.0,156945928.0,1.88,6.18,,,,,eastmoney,push2his bulk kline curl fallback after AKShare TLS failure,market_history_backfill_v0_10_77,2026-07-28T06:10:48.831103+00:00,true,eastmoney,push2his bulk kline curl fallback after AKShare TLS failure,2026-07-28T06:10:48.831103+00:00,2026-07-28T06:10:48.831103+00:00,2026-07-28
2026-07-14,2026-07-14,communication_electronics,communication_electronics_etf_flow,515880,Communication ETF candidate,0.741,0.78,0.727,0.78,88171485.0,6695385246.0,5.69,13.3,,,,,eastmoney,push2his bulk kline curl fallback after AKShare TLS failure,market_history_backfill_v0_10_77,2026-07-28T06:10:48.831103+00:00,true,eastmoney,push2his bulk kline curl fallback after AKShare TLS failure,2026-07-28T06:10:48.831103+00:00,2026-07-28T06:10:48.831103+00:00,2026-07-28
2026-07-15,2026-07-15,ai_computer,ai_computer_etf_flow,159819,AI ETF candidate,2.086,2.098,2.024,2.029,3655496.0,751264448.067,-2.69,3.2,,,,,eastmoney,push2his bulk kline curl fallback after AKShare TLS failure,market_history_backfill_v0_10_77,2026-07-28T06:10:48.831103+00:00,true,eastmoney,push2his bulk kline curl fallback after AKShare TLS failure,2026-07-28T06:10:48.831103+00:00,2026-07-28T06:10:48.831103+00:00,2026-07-28
2026-07-15,2026-07-15,consumer,consumer_etf_flow,159928,Consumer ETF candidate,0.627,0.657,0.626,0.656,8846112.0,573410882.604,3.8,3.82,,,,,eastmoney,push2his bulk kline curl fallback after AKShare TLS failure,market_history_backfill_v0_10_77,2026-07-28T06:10:48.831103+00:00,true,eastmoney,push2his bulk kline curl fallback after AKShare TLS failure,2026-07-28T06:10:48.831103+00:00,2026-07-28T06:10:48.831103+00:00,2026-07-28
2026-07-15,2026-07-15,brokerage,brokerage_etf_flow,512000,Brokerage ETF candidate,0.527,0.545,0.526,0.54,27141215.0,1455314175.0,2.27,3.57,,,,,eastmoney,push2his bulk kline curl fallback after AKShare TLS failure,market_history_backfill_v0_10_77,2026-07-28T06:10:48.831103+00:00,true,eastmoney,push2his bulk kline curl fallback after AKShare TLS failure,2026-07-28T06:10:48.831103+00:00,2026-07-28T06:10:48.831103+00:00,2026-07-28
2026-07-15,2026-07-15,healthcare_pharma,healthcare_pharma_etf_flow,512010,Healthcare ETF candidate,0.365,0.386,0.365,0.379,37115212.0,1406423950.0,3.27,8.0,,,,,eastmoney,push2his bulk kline curl fallback after AKShare TLS failure,market_history_backfill_v0_10_77,2026-07-28T06:10:48.831103+00:00,true,eastmoney,push2his bulk kline curl fallback after AKShare TLS failure,2026-07-28T06:10:48.831103+00:00,2026-07-28T06:10:48.831103+00:00,2026-07-28
2026-07-15,2026-07-15,real_estate_infra,real_estate_infra_etf_flow,512200,Real estate ETF candidate,1.184,1.206,1.174,1.195,1656997.0,197556092.0,0.67,5.95,,,,,eastmoney,push2his bulk kline curl fallback after AKShare TLS failure,market_history_backfill_v0_10_77,2026-07-28T06:10:48.831103+00:00,true,eastmoney,push2his bulk kline curl fallback after AKShare TLS failure,2026-07-28T06:10:48.831103+00:00,2026-07-28T06:10:48.831103+00:00,2026-07-28
2026-07-15,2026-07-15,resources_materials,resources_materials_etf_flow,512400,Non-ferrous metals ETF candidate,1.781,1.781,1.734,1.739,4415006.0,775383139.0,-1.97,3.47,,,,,eastmoney,push2his bulk kline curl fallback after AKShare TLS failure,market_history_backfill_v0_10_77,2026-07-28T06:10:48.831103+00:00,true,eastmoney,push2his bulk kline curl fallback after AKShare TLS failure,2026-07-28T06:10:48.831103+00:00,2026-07-28T06:10:48.831103+00:00,2026-07-28
2026-07-15,2026-07-15,semiconductor,semiconductor_etf_flow,512480,Semiconductor ETF candidate,1.325,1.327,1.226,1.232,17628159.0,2222562648.0,-5.81,9.43,,,,,eastmoney,push2his bulk kline curl fallback after AKShare TLS failure,market_history_backfill_v0_10_77,2026-07-28T06:10:48.831103+00:00,true,eastmoney,push2his bulk kline curl fallback after AKShare TLS failure,2026-07-28T06:10:48.831103+00:00,2026-07-28T06:10:48.831103+00:00,2026-07-28
2026-07-15,2026-07-15,defense_military,defense_military_etf_flow,512660,Defense ETF candidate,1.149,1.169,1.138,1.143,2774669.0,319881675.0,-1.3,4.84,,,,,eastmoney,push2his bulk kline curl fallback after AKShare TLS failure,market_history_backfill_v0_10_77,2026-07-28T06:10:48.831103+00:00,true,eastmoney,push2his bulk kline curl fallback after AKShare TLS failure,2026-07-28T06:10:48.831103+00:00,2026-07-28T06:10:48.831103+00:00,2026-07-28
2026-07-15,2026-07-15,bank_insurance,bank_insurance_etf_flow,512800,Bank ETF candidate,0.775,0.792,0.773,0.79,20794657.0,1632111435.0,1.15,14.69,,,,,eastmoney,push2his bulk kline curl fallback after AKShare TLS failure,market_history_backfill_v0_10_77,2026-07-28T06:10:48.831103+00:00,true,eastmoney,push2his bulk kline curl fallback after AKShare TLS failure,2026-07-28T06:10:48.831103+00:00,2026-07-28T06:10:48.831103+00:00,2026-07-28
2026-07-15,2026-07-15,new_energy_ev,new_energy_ev_etf_flow,515030,New energy vehicle ETF candidate,1.631,1.656,1.618,1.621,772882.0,126592810.0,-0.55,4.87,,,,,eastmoney,push2his bulk kline curl fallback after AKShare TLS failure,market_history_backfill_v0_10_77,2026-07-28T06:10:48.831103+00:00,true,eastmoney,push2his bulk kline curl fallback after AKShare TLS failure,2026-07-28T06:10:48.831103+00:00,2026-07-28T06:10:48.831103+00:00,2026-07-28
2026-07-15,2026-07-15,communication_electronics,communication_electronics_etf_flow,515880,Communication ETF candidate,0.78,0.791,0.756,0.759,63058827.0,4876194247.0,-2.69,9.51,,,,,eastmoney,push2his bulk kline curl fallback after AKShare TLS failure,market_history_backfill_v0_10_77,2026-07-28T06:10:48.831103+00:00,true,eastmoney,push2his bulk kline curl fallback after AKShare TLS failure,2026-07-28T06:10:48.831103+00:00,2026-07-28T06:10:48.831103+00:00,2026-07-28
2026-07-16,2026-07-16,ai_computer,ai_computer_etf_flow,159819,AI ETF candidate,1.996,2.055,1.958,1.98,4091068.0,819211915.0,-6.427221172022691,3.59,,,,,akshare,fund_etf_hist_sina,historical_market_input,2026-07-17T10:00:04.959660+00:00,true,eastmoney,push2his bulk kline curl fallback after AKShare TLS failure,2026-07-28T06:10:48.831103+00:00,2026-07-28T06:10:48.831103+00:00,2026-07-28
2026-07-16,2026-07-16,consumer,consumer_etf_flow,159928,Consumer ETF candidate,0.655,0.668,0.653,0.665,7328817.0,484891320.0,5.221518987341778,3.17,,,,,akshare,fund_etf_hist_sina,historical_market_input,2026-07-17T10:00:19.151143+00:00,true,eastmoney,push2his bulk kline curl fallback after AKShare TLS failure,2026-07-28T06:10:48.831103+00:00,2026-07-28T06:10:48.831103+00:00,2026-07-28
2026-07-16,2026-07-16,brokerage,brokerage_etf_flow,512000,Brokerage ETF candidate,0.537,0.539,0.53,0.532,28757157.0,1531984221.0,0.0,3.78,,,,,akshare,fund_etf_hist_sina,historical_market_input,2026-07-17T09:59:57.755953+00:00,true,eastmoney,push2his bulk kline curl fallback after AKShare TLS failure,2026-07-28T06:10:48.831103+00:00,2026-07-28T06:10:48.831103+00:00,2026-07-28
2026-07-16,2026-07-16,healthcare_pharma,healthcare_pharma_etf_flow,512010,Healthcare ETF candidate,0.376,0.385,0.37,0.378,23535408.0,888304267.0,4.132231404958686,5.07,,,,,akshare,fund_etf_hist_sina,historical_market_input,2026-07-17T10:00:16.448797+00:00,true,eastmoney,push2his bulk kline curl fallback after AKShare TLS failure,2026-07-28T06:10:48.831103+00:00,2026-07-28T06:10:48.831103+00:00,2026-07-28
2026-07-16,2026-07-16,real_estate_infra,real_estate_infra_etf_flow,512200,Real estate ETF candidate,1.18,1.215,1.179,1.21,1334482.0,160115073.0,-0.49342105263158187,4.79,,,,,akshare,fund_etf_hist_sina,historical_market_input,2026-07-17T10:00:28.053305+00:00,true,eastmoney,push2his bulk kline curl fallback after AKShare TLS failure,2026-07-28T06:10:48.831103+00:00,2026-07-28T06:10:48.831103+00:00,2026-07-28
2026-07-16,2026-07-16,resources_materials,resources_materials_etf_flow,512400,Non-ferrous metals ETF candidate,1.72,1.756,1.71,1.725,3952437.0,685072235.0,-1.765375854214113,3.1,,,,,akshare,fund_etf_hist_sina,historical_market_input,2026-07-17T10:00:25.005279+00:00,true,eastmoney,push2his bulk kline curl fallback after AKShare TLS failure,2026-07-28T06:10:48.831103+00:00,2026-07-28T06:10:48.831103+00:00,2026-07-28
2026-07-16,2026-07-16,semiconductor,semiconductor_etf_flow,512480,Semiconductor ETF candidate,1.191,1.235,1.15,1.159,15216594.0,1808614405.0,-15.339663988312635,8.14,,,,,akshare,fund_etf_hist_sina,historical_market_input,2026-07-17T10:00:01.741332+00:00,true,eastmoney,push2his bulk kline curl fallback after AKShare TLS failure,2026-07-28T06:10:48.831103+00:00,2026-07-28T06:10:48.831103+00:00,2026-07-28
2026-07-16,2026-07-16,defense_military,defense_military_etf_flow,512660,Defense ETF candidate,1.133,1.147,1.114,1.12,2707601.0,305634847.0,-12.568306010928943,4.72,,,,,akshare,fund_etf_hist_sina,historical_market_input,2026-07-17T10:00:21.470635+00:00,true,eastmoney,push2his bulk kline curl fallback after AKShare TLS failure,2026-07-28T06:10:48.831103+00:00,2026-07-28T06:10:48.831103+00:00,2026-07-28
2026-07-16,2026-07-16,bank_insurance,bank_insurance_etf_flow,512800,Bank ETF candidate,0.79,0.795,0.78,0.782,9342134.0,733656513.0,1.9556714471968828,6.6,,,,,akshare,fund_etf_hist_sina,historical_market_input,2026-07-17T09:59:59.774343+00:00,true,eastmoney,push2his bulk kline curl fallback after AKShare TLS failure,2026-07-28T06:10:48.831103+00:00,2026-07-28T06:10:48.831103+00:00,2026-07-28
2026-07-16,2026-07-16,new_energy_ev,new_energy_ev_etf_flow,515030,New energy vehicle ETF candidate,1.602,1.625,1.589,1.601,903855.0,145434347.0,-4.189108318372236,5.7,,,,,akshare,fund_etf_hist_sina,historical_market_input,2026-07-17T10:00:13.778907+00:00,true,eastmoney,push2his bulk kline curl fallback after AKShare TLS failure,2026-07-28T06:10:48.831103+00:00,2026-07-28T06:10:48.831103+00:00,2026-07-28
2026-07-16,2026-07-16,communication_electronics,communication_electronics_etf_flow,515880,Communication ETF candidate,0.736,0.763,0.723,0.732,74391449.0,5503202315.0,-6.033376123234923,11.22,,,,,akshare,fund_etf_hist_sina,historical_market_input,2026-07-17T10:00:11.743985+00:00,true,eastmoney,push2his bulk kline curl fallback after AKShare TLS failure,2026-07-28T06:10:48.831103+00:00,2026-07-28T06:10:48.831103+00:00,2026-07-28
2026-07-17,2026-07-17,ai_computer,ai_computer_etf_flow,159819,AI ETF candidate,1.952,1.96,1.795,1.82,5909695.0,1106147065.928,-8.08,5.18,,,,,eastmoney,push2his bulk kline curl fallback after AKShare TLS failure,market_history_backfill_v0_10_77,2026-07-28T06:10:48.831103+00:00,true,eastmoney,push2his bulk kline curl fallback after AKShare TLS failure,2026-07-28T06:10:48.831103+00:00,2026-07-28T06:10:48.831103+00:00,2026-07-28
2026-07-17,2026-07-17,consumer,consumer_etf_flow,159928,Consumer ETF candidate,0.665,0.67,0.65,0.653,6543962.0,430551973.16,-1.8,2.83,,,,,eastmoney,push2his bulk kline curl fallback after AKShare TLS failure,market_history_backfill_v0_10_77,2026-07-28T06:10:48.831103+00:00,true,eastmoney,push2his bulk kline curl fallback after AKShare TLS failure,2026-07-28T06:10:48.831103+00:00,2026-07-28T06:10:48.831103+00:00,2026-07-28
2026-07-17,2026-07-17,brokerage,brokerage_etf_flow,512000,Brokerage ETF candidate,0.53,0.537,0.523,0.524,29473676.0,1563675351.0,-1.5,3.87,,,,,eastmoney,push2his bulk kline curl fallback after AKShare TLS failure,market_history_backfill_v0_10_77,2026-07-28T06:10:48.831103+00:00,true,eastmoney,push2his bulk kline curl fallback after AKShare TLS failure,2026-07-28T06:10:48.831103+00:00,2026-07-28T06:10:48.831103+00:00,2026-07-28
2026-07-17,2026-07-17,healthcare_pharma,healthcare_pharma_etf_flow,512010,Healthcare ETF candidate,0.378,0.38,0.361,0.364,22329956.0,820522263.0,-3.7,4.81,,,,,eastmoney,push2his bulk kline curl fallback after AKShare TLS failure,market_history_backfill_v0_10_77,2026-07-28T06:10:48.831103+00:00,true,eastmoney,push2his bulk kline curl fallback after AKShare TLS failure,2026-07-28T06:10:48.831103+00:00,2026-07-28T06:10:48.831103+00:00,2026-07-28
2026-07-17,2026-07-17,real_estate_infra,real_estate_infra_etf_flow,512200,Real estate ETF candidate,1.2,1.21,1.154,1.157,1375333.0,162551494.0,-4.38,4.94,,,,,eastmoney,push2his bulk kline curl fallback after AKShare TLS failure,market_history_backfill_v0_10_77,2026-07-28T06:10:48.831103+00:00,true,eastmoney,push2his bulk kline curl fallback after AKShare TLS failure,2026-07-28T06:10:48.831103+00:00,2026-07-28T06:10:48.831103+00:00,2026-07-28
2026-07-17,2026-07-17,resources_materials,resources_materials_etf_flow,512400,Non-ferrous metals ETF candidate,1.702,1.706,1.626,1.636,5674546.0,941534728.0,-5.16,4.46,,,,,eastmoney,push2his bulk kline curl fallback after AKShare TLS failure,market_history_backfill_v0_10_77,2026-07-28T06:10:48.831103+00:00,true,eastmoney,push2his bulk kline curl fallback after AKShare TLS failure,2026-07-28T06:10:48.831103+00:00,2026-07-28T06:10:48.831103+00:00,2026-07-28
2026-07-17,2026-07-17,semiconductor,semiconductor_etf_flow,512480,Semiconductor ETF candidate,1.139,1.155,1.062,1.07,19950970.0,2211679570.0,-7.68,10.67,,,,,eastmoney,push2his bulk kline curl fallback after AKShare TLS failure,market_history_backfill_v0_10_77,2026-07-28T06:10:48.831103+00:00,true,eastmoney,push2his bulk kline curl fallback after AKShare TLS failure,2026-07-28T06:10:48.831103+00:00,2026-07-28T06:10:48.831103+00:00,2026-07-28
2026-07-17,2026-07-17,defense_military,defense_military_etf_flow,512660,Defense ETF candidate,1.119,1.119,1.054,1.062,4187452.0,454073276.0,-5.18,7.3,,,,,eastmoney,push2his bulk kline curl fallback after AKShare TLS failure,market_history_backfill_v0_10_77,2026-07-28T06:10:48.831103+00:00,true,eastmoney,push2his bulk kline curl fallback after AKShare TLS failure,2026-07-28T06:10:48.831103+00:00,2026-07-28T06:10:48.831103+00:00,2026-07-28
2026-07-17,2026-07-17,bank_insurance,bank_insurance_etf_flow,512800,Bank ETF candidate,0.784,0.794,0.783,0.789,24588320.0,1943623465.0,0.9,17.37,,,,,eastmoney,push2his bulk kline curl fallback after AKShare TLS failure,market_history_backfill_v0_10_77,2026-07-28T06:10:48.831103+00:00,true,eastmoney,push2his bulk kline curl fallback after AKShare TLS failure,2026-07-28T06:10:48.831103+00:00,2026-07-28T06:10:48.831103+00:00,2026-07-28
2026-07-17,2026-07-17,new_energy_ev,new_energy_ev_etf_flow,515030,New energy vehicle ETF candidate,1.595,1.61,1.54,1.553,1015036.0,159942109.0,-3.0,6.4,,,,,eastmoney,push2his bulk kline curl fallback after AKShare TLS failure,market_history_backfill_v0_10_77,2026-07-28T06:10:48.831103+00:00,true,eastmoney,push2his bulk kline curl fallback after AKShare TLS failure,2026-07-28T06:10:48.831103+00:00,2026-07-28T06:10:48.831103+00:00,2026-07-28
2026-07-17,2026-07-17,communication_electronics,communication_electronics_etf_flow,515880,Communication ETF candidate,0.716,0.716,0.659,0.659,106197034.0,7199249354.0,-9.97,16.02,,,,,eastmoney,push2his bulk kline curl fallback after AKShare TLS failure,market_history_backfill_v0_10_77,2026-07-28T06:10:48.831103+00:00,true,eastmoney,push2his bulk kline curl fallback after AKShare TLS failure,2026-07-28T06:10:48.831103+00:00,2026-07-28T06:10:48.831103+00:00,2026-07-28
2026-07-20,2026-07-20,ai_computer,ai_computer_etf_flow,159819,AI ETF candidate,1.874,1.908,1.798,1.862,5163441.0,962186581.794,2.31,4.53,,,,,eastmoney,push2his bulk kline curl fallback after AKShare TLS failure,market_history_backfill_v0_10_77,2026-07-28T06:10:48.831103+00:00,true,eastmoney,push2his bulk kline curl fallback after AKShare TLS failure,2026-07-28T06:10:48.831103+00:00,2026-07-28T06:10:48.831103+00:00,2026-07-28
2026-07-20,2026-07-20,consumer,consumer_etf_flow,159928,Consumer ETF candidate,0.655,0.676,0.651,0.676,8243175.0,551310977.904,3.52,3.56,,,,,eastmoney,push2his bulk kline curl fallback after AKShare TLS failure,market_history_backfill_v0_10_77,2026-07-28T06:10:48.831103+00:00,true,eastmoney,push2his bulk kline curl fallback after AKShare TLS failure,2026-07-28T06:10:48.831103+00:00,2026-07-28T06:10:48.831103+00:00,2026-07-28
2026-07-20,2026-07-20,brokerage,brokerage_etf_flow,512000,Brokerage ETF candidate,0.528,0.539,0.526,0.533,26057302.0,1388533866.0,1.72,3.42,,,,,eastmoney,push2his bulk kline curl fallback after AKShare TLS failure,market_history_backfill_v0_10_77,2026-07-28T06:10:48.831103+00:00,true,eastmoney,push2his bulk kline curl fallback after AKShare TLS failure,2026-07-28T06:10:48.831103+00:00,2026-07-28T06:10:48.831103+00:00,2026-07-28
2026-07-20,2026-07-20,healthcare_pharma,healthcare_pharma_etf_flow,512010,Healthcare ETF candidate,0.359,0.377,0.359,0.376,20177052.0,748372469.0,3.3,4.35,,,,,eastmoney,push2his bulk kline curl fallback after AKShare TLS failure,market_history_backfill_v0_10_77,2026-07-28T06:10:48.831103+00:00,true,eastmoney,push2his bulk kline curl fallback after AKShare TLS failure,2026-07-28T06:10:48.831103+00:00,2026-07-28T06:10:48.831103+00:00,2026-07-28
2026-07-20,2026-07-20,real_estate_infra,real_estate_infra_etf_flow,512200,Real estate ETF candidate,1.157,1.168,1.13,1.146,1279934.0,147649881.0,-0.95,4.59,,,,,eastmoney,push2his bulk kline curl fallback after AKShare TLS failure,market_history_backfill_v0_10_77,2026-07-28T06:10:48.831103+00:00,true,eastmoney,push2his bulk kline curl fallback after AKShare TLS failure,2026-07-28T06:10:48.831103+00:00,2026-07-28T06:10:48.831103+00:00,2026-07-28
2026-07-20,2026-07-20,resources_materials,resources_materials_etf_flow,512400,Non-ferrous metals ETF candidate,1.65,1.675,1.605,1.625,4654522.0,763738818.0,-0.67,3.66,,,,,eastmoney,push2his bulk kline curl fallback after AKShare TLS failure,market_history_backfill_v0_10_77,2026-07-28T06:10:48.831103+00:00,true,eastmoney,push2his bulk kline curl fallback after AKShare TLS failure,2026-07-28T06:10:48.831103+00:00,2026-07-28T06:10:48.831103+00:00,2026-07-28
2026-07-20,2026-07-20,semiconductor,semiconductor_etf_flow,512480,Semiconductor ETF candidate,1.099,1.114,1.006,1.04,19831137.0,2112094223.0,-2.8,10.61,,,,,eastmoney,push2his bulk kline curl fallback after AKShare TLS failure,market_history_backfill_v0_10_77,2026-07-28T06:10:48.831103+00:00,true,eastmoney,push2his bulk kline curl fallback after AKShare TLS failure,2026-07-28T06:10:48.831103+00:00,2026-07-28T06:10:48.831103+00:00,2026-07-28
2026-07-20,2026-07-20,defense_military,defense_military_etf_flow,512660,Defense ETF candidate,1.07,1.086,1.035,1.055,3751096.0,399087195.0,-0.66,6.54,,,,,eastmoney,push2his bulk kline curl fallback after AKShare TLS failure,market_history_backfill_v0_10_77,2026-07-28T06:10:48.831103+00:00,true,eastmoney,push2his bulk kline curl fallback after AKShare TLS failure,2026-07-28T06:10:48.831103+00:00,2026-07-28T06:10:48.831103+00:00,2026-07-28
2026-07-20,2026-07-20,bank_insurance,bank_insurance_etf_flow,512800,Bank ETF candidate,0.787,0.809,0.786,0.808,12381311.0,990917499.0,2.41,8.75,,,,,eastmoney,push2his bulk kline curl fallback after AKShare TLS failure,market_history_backfill_v0_10_77,2026-07-28T06:10:48.831103+00:00,true,eastmoney,push2his bulk kline curl fallback after AKShare TLS failure,2026-07-28T06:10:48.831103+00:00,2026-07-28T06:10:48.831103+00:00,2026-07-28
2026-07-20,2026-07-20,new_energy_ev,new_energy_ev_etf_flow,515030,New energy vehicle ETF candidate,1.566,1.568,1.485,1.517,963108.0,147505453.0,-2.32,6.07,,,,,eastmoney,push2his bulk kline curl fallback after AKShare TLS failure,market_history_backfill_v0_10_77,2026-07-28T06:10:48.831103+00:00,true,eastmoney,push2his bulk kline curl fallback after AKShare TLS failure,2026-07-28T06:10:48.831103+00:00,2026-07-28T06:10:48.831103+00:00,2026-07-28
2026-07-20,2026-07-20,communication_electronics,communication_electronics_etf_flow,515880,Communication ETF candidate,0.674,0.687,0.62,0.645,84558661.0,5558219599.0,-2.12,12.76,,,,,eastmoney,push2his bulk kline curl fallback after AKShare TLS failure,market_history_backfill_v0_10_77,2026-07-28T06:10:48.831103+00:00,true,eastmoney,push2his bulk kline curl fallback after AKShare TLS failure,2026-07-28T06:10:48.831103+00:00,2026-07-28T06:10:48.831103+00:00,2026-07-28
2026-07-21,2026-07-21,ai_computer,ai_computer_etf_flow,159819,AI ETF candidate,1.881,2.007,1.801,2.005,6397403.0,1225987052.183,7.68,5.61,,,,,eastmoney,push2his bulk kline curl fallback after AKShare TLS failure,market_history_backfill_v0_10_77,2026-07-28T06:10:48.831103+00:00,true,eastmoney,push2his bulk kline curl fallback after AKShare TLS failure,2026-07-28T06:10:48.831103+00:00,2026-07-28T06:10:48.831103+00:00,2026-07-28
2026-07-21,2026-07-21,consumer,consumer_etf_flow,159928,Consumer ETF candidate,0.673,0.686,0.664,0.669,8741253.0,589174212.848,-1.04,3.78,,,,,eastmoney,push2his bulk kline curl fallback after AKShare TLS failure,market_history_backfill_v0_10_77,2026-07-28T06:10:48.831103+00:00,true,eastmoney,push2his bulk kline curl fallback after AKShare TLS failure,2026-07-28T06:10:48.831103+00:00,2026-07-28T06:10:48.831103+00:00,2026-07-28
2026-07-21,2026-07-21,brokerage,brokerage_etf_flow,512000,Brokerage ETF candidate,0.538,0.541,0.529,0.536,24047247.0,1285590473.0,0.56,3.16,,,,,eastmoney,push2his bulk kline curl fallback after AKShare TLS failure,market_history_backfill_v0_10_77,2026-07-28T06:10:48.831103+00:00,true,eastmoney,push2his bulk kline curl fallback after AKShare TLS failure,2026-07-28T06:10:48.831103+00:00,2026-07-28T06:10:48.831103+00:00,2026-07-28
2026-07-21,2026-07-21,healthcare_pharma,healthcare_pharma_etf_flow,512010,Healthcare ETF candidate,0.377,0.378,0.368,0.376,14365377.0,536471483.0,0.0,3.1,,,,,eastmoney,push2his bulk kline curl fallback after AKShare TLS failure,market_history_backfill_v0_10_77,2026-07-28T06:10:48.831103+00:00,true,eastmoney,push2his bulk kline curl fallback after AKShare TLS failure,2026-07-28T06:10:48.831103+00:00,2026-07-28T06:10:48.831103+00:00,2026-07-28
2026-07-21,2026-07-21,real_estate_infra,real_estate_infra_etf_flow,512200,Real estate ETF candidate,1.144,1.149,1.12,1.144,1174141.0,133257855.0,-0.17,4.22,,,,,eastmoney,push2his bulk kline curl fallback after AKShare TLS failure,market_history_backfill_v0_10_77,2026-07-28T06:10:48.831103+00:00,true,eastmoney,push2his bulk kline curl fallback after AKShare TLS failure,2026-07-28T06:10:48.831103+00:00,2026-07-28T06:10:48.831103+00:00,2026-07-28
2026-07-21,2026-07-21,resources_materials,resources_materials_etf_flow,512400,Non-ferrous metals ETF candidate,1.649,1.711,1.622,1.71,5758052.0,960663798.0,5.23,4.52,,,,,eastmoney,push2his bulk kline curl fallback after AKShare TLS failure,market_history_backfill_v0_10_77,2026-07-28T06:10:48.831103+00:00,true,eastmoney,push2his bulk kline curl fallback after AKShare TLS failure,2026-07-28T06:10:48.831103+00:00,2026-07-28T06:10:48.831103+00:00,2026-07-28
2026-07-21,2026-07-21,semiconductor,semiconductor_etf_flow,512480,Semiconductor ETF candidate,1.056,1.144,1.0,1.144,26159789.0,2839386458.0,10.0,13.99,,,,,eastmoney,push2his bulk kline curl fallback after AKShare TLS failure,market_history_backfill_v0_10_77,2026-07-28T06:10:48.831103+00:00,true,eastmoney,push2his bulk kline curl fallback after AKShare TLS failure,2026-07-28T06:10:48.831103+00:00,2026-07-28T06:10:48.831103+00:00,2026-07-28
2026-07-21,2026-07-21,defense_military,defense_military_etf_flow,512660,Defense ETF candidate,1.06,1.092,1.038,1.09,3940303.0,421081163.0,3.32,6.87,,,,,eastmoney,push2his bulk kline curl fallback after AKShare TLS failure,market_history_backfill_v0_10_77,2026-07-28T06:10:48.831103+00:00,true,eastmoney,push2his bulk kline curl fallback after AKShare TLS failure,2026-07-28T06:10:48.831103+00:00,2026-07-28T06:10:48.831103+00:00,2026-07-28
2026-07-21,2026-07-21,bank_insurance,bank_insurance_etf_flow,512800,Bank ETF candidate,0.808,0.815,0.789,0.79,19299347.0,1541908628.0,-2.23,13.63,,,,,eastmoney,push2his bulk kline curl fallback after AKShare TLS failure,market_history_backfill_v0_10_77,2026-07-28T06:10:48.831103+00:00,true,eastmoney,push2his bulk kline curl fallback after AKShare TLS failure,2026-07-28T06:10:48.831103+00:00,2026-07-28T06:10:48.831103+00:00,2026-07-28
2026-07-21,2026-07-21,new_energy_ev,new_energy_ev_etf_flow,515030,New energy vehicle ETF candidate,1.52,1.582,1.517,1.579,903678.0,140487110.0,4.09,5.7,,,,,eastmoney,push2his bulk kline curl fallback after AKShare TLS failure,market_history_backfill_v0_10_77,2026-07-28T06:10:48.831103+00:00,true,eastmoney,push2his bulk kline curl fallback after AKShare TLS failure,2026-07-28T06:10:48.831103+00:00,2026-07-28T06:10:48.831103+00:00,2026-07-28
2026-07-21,2026-07-21,communication_electronics,communication_electronics_etf_flow,515880,Communication ETF candidate,0.649,0.702,0.608,0.701,114591961.0,7589771708.0,8.68,17.29,,,,,eastmoney,push2his bulk kline curl fallback after AKShare TLS failure,market_history_backfill_v0_10_77,2026-07-28T06:10:48.831103+00:00,true,eastmoney,push2his bulk kline curl fallback after AKShare TLS failure,2026-07-28T06:10:48.831103+00:00,2026-07-28T06:10:48.831103+00:00,2026-07-28
2026-07-22,2026-07-22,ai_computer,ai_computer_etf_flow,159819,人工智能ETF易方达,1.98,2.052,1.962,1.979,4372502.0,878360667.562,-1.3,3.83,11415229696.0,11585229568.0,-169999872.0,-336429746.688,akshare,fund_etf_spot_em+fund_etf_scale,akshare_etf_bridge_2026-07-22_105240,2026-07-22T10:52:40.660808+00:00,true,eastmoney,push2his bulk kline curl fallback after AKShare TLS failure,2026-07-28T06:10:48.831103+00:00,2026-07-28T06:10:48.831103+00:00,2026-07-28
2026-07-22,2026-07-22,consumer,consumer_etf_flow,159928,消费ETF汇添富,0.665,0.674,0.658,0.673,6637806.0,441969334.2,0.6,2.86,23184628992.0,23184628992.0,0.0,0.0,akshare,fund_etf_spot_em+fund_etf_scale,akshare_etf_bridge_2026-07-22_105240,2026-07-22T10:52:40.660808+00:00,true,eastmoney,push2his bulk kline curl fallback after AKShare TLS failure,2026-07-28T06:10:48.831103+00:00,2026-07-28T06:10:48.831103+00:00,2026-07-28
2026-07-22,2026-07-22,brokerage,brokerage_etf_flow,512000,券商ETF华宝,0.533,0.535,0.527,0.532,16975060.0,902333943.0,-0.75,2.25,75602436096.0,75456634880.0,145801216.0,77566246.912,akshare,fund_etf_spot_em+fund_etf_scale,akshare_etf_bridge_2026-07-22_105240,2026-07-22T10:52:40.660808+00:00,true,eastmoney,push2his bulk kline curl fallback after AKShare TLS failure,2026-07-28T06:10:48.831103+00:00,2026-07-28T06:10:48.831103+00:00,2026-07-28
2026-07-22,2026-07-22,healthcare_pharma,healthcare_pharma_etf_flow,512010,医药ETF易方达,0.373,0.385,0.372,0.377,16061314.0,608979098.0,0.27,3.44,46662694912.0,46566694912.0,96000000.0,36192000.0,akshare,fund_etf_spot_em+fund_etf_scale,akshare_etf_bridge_2026-07-22_105240,2026-07-22T10:52:40.660808+00:00,true,eastmoney,push2his bulk kline curl fallback after AKShare TLS failure,2026-07-28T06:10:48.831103+00:00,2026-07-28T06:10:48.831103+00:00,2026-07-28
2026-07-22,2026-07-22,real_estate_infra,real_estate_infra_etf_flow,512200,房地产ETF南方,1.137,1.158,1.134,1.158,973633.0,111713771.0,1.22,3.48,2800097904.0,2798097904.0,2000000.0,2316000.0,akshare,fund_etf_spot_em+fund_etf_scale,akshare_etf_bridge_2026-07-22_105240,2026-07-22T10:52:40.660808+00:00,true,eastmoney,push2his bulk kline curl fallback after AKShare TLS failure,2026-07-28T06:10:48.831103+00:00,2026-07-28T06:10:48.831103+00:00,2026-07-28
2026-07-22,2026-07-22,resources_materials,resources_materials_etf_flow,512400,有色金属ETF南方,1.723,1.794,1.72,1.768,7097369.0,1255313002.0,3.39,5.89,12040038912.0,12254039040.0,-214000128.0,-378352226.304,akshare,fund_etf_spot_em+fund_etf_scale,akshare_etf_bridge_2026-07-22_105240,2026-07-22T10:52:40.660808+00:00,true,eastmoney,push2his bulk kline curl fallback after AKShare TLS failure,2026-07-28T06:10:48.831103+00:00,2026-07-28T06:10:48.831103+00:00,2026-07-28
2026-07-22,2026-07-22,semiconductor,semiconductor_etf_flow,512480,半导体ETF国联安,1.143,1.21,1.138,1.152,22913899.0,2687883503.0,0.7,12.61,18178007296.0,19174007296.0,-996000000.0,-1147392000.0,akshare,fund_etf_spot_em+fund_etf_scale,akshare_etf_bridge_2026-07-22_105240,2026-07-22T10:52:40.660808+00:00,true,eastmoney,push2his bulk kline curl fallback after AKShare TLS failure,2026-07-28T06:10:48.831103+00:00,2026-07-28T06:10:48.831103+00:00,2026-07-28
2026-07-22,2026-07-22,defense_military,defense_military_etf_flow,512660,军工ETF国泰,1.08,1.106,1.079,1.083,3517393.0,383058866.0,-0.64,6.0,5865080064.0,5908080128.0,-43000064.0,-46569069.312,akshare,fund_etf_spot_em+fund_etf_scale,akshare_etf_bridge_2026-07-22_105240,2026-07-22T10:52:40.660808+00:00,true,eastmoney,push2his bulk kline curl fallback after AKShare TLS failure,2026-07-28T06:10:48.831103+00:00,2026-07-28T06:10:48.831103+00:00,2026-07-28
2026-07-22,2026-07-22,bank_insurance,bank_insurance_etf_flow,512800,银行ETF华宝,0.789,0.799,0.781,0.799,11915198.0,942367315.0,1.14,7.69,15492879872.0,15963279872.0,-470400000.0,-375849600.0,akshare,fund_etf_spot_em+fund_etf_scale,akshare_etf_bridge_2026-07-22_105240,2026-07-22T10:52:40.660808+00:00,true,eastmoney,push2his bulk kline curl fallback after AKShare TLS failure,2026-07-28T06:10:48.831103+00:00,2026-07-28T06:10:48.831103+00:00,2026-07-28
2026-07-22,2026-07-22,new_energy_ev,new_energy_ev_etf_flow,515030,新能源车ETF华夏,1.579,1.579,1.537,1.552,903927.0,140531053.0,-1.71,5.53,1634384000.0,1628384000.0,6000000.0,9312000.0,akshare,fund_etf_spot_em+fund_etf_scale,akshare_etf_bridge_2026-07-22_105240,2026-07-22T10:52:40.660808+00:00,true,eastmoney,push2his bulk kline curl fallback after AKShare TLS failure,2026-07-28T06:10:48.831103+00:00,2026-07-28T06:10:48.831103+00:00,2026-07-28
2026-07-22,2026-07-22,communication_electronics,communication_electronics_etf_flow,515880,通信ETF国泰,0.685,0.705,0.67,0.671,87010013.0,6014618029.0,-4.28,12.3,70713774080.0,73269772288.0,-2555998208.0,-1715074797.568,akshare,fund_etf_spot_em+fund_etf_scale,akshare_etf_bridge_2026-07-22_105240,2026-07-22T10:52:40.660808+00:00,true,eastmoney,push2his bulk kline curl fallback after AKShare TLS failure,2026-07-28T06:10:48.831103+00:00,2026-07-28T06:10:48.831103+00:00,2026-07-28
2026-07-23,2026-07-23,ai_computer,ai_computer_etf_flow,159819,AI ETF candidate,1.993,1.999,1.915,1.929,3276415.0,639400401.0,-2.526528549772611,2.87,,,,,akshare,fund_etf_hist_sina,historical_market_input,2026-07-23T15:18:55.357148+00:00,true,eastmoney,push2his bulk kline curl fallback after AKShare TLS failure,2026-07-28T06:10:48.831103+00:00,2026-07-28T06:10:48.831103+00:00,2026-07-28
2026-07-23,2026-07-23,consumer,consumer_etf_flow,159928,Consumer ETF candidate,0.67,0.671,0.66,0.67,4901663.0,326973801.0,-0.4457652303120341,2.12,,,,,akshare,fund_etf_hist_sina,historical_market_input,2026-07-23T15:19:08.536811+00:00,true,eastmoney,push2his bulk kline curl fallback after AKShare TLS failure,2026-07-28T06:10:48.831103+00:00,2026-07-28T06:10:48.831103+00:00,2026-07-28
2026-07-23,2026-07-23,brokerage,brokerage_etf_flow,512000,Brokerage ETF candidate,0.533,0.541,0.531,0.539,19082721.0,1023139107.0,1.3157894736842035,2.51,,,,,akshare,fund_etf_hist_sina,historical_market_input,2026-07-23T15:18:47.023001+00:00,true,eastmoney,push2his bulk kline curl fallback after AKShare TLS failure,2026-07-28T06:10:48.831103+00:00,2026-07-28T06:10:48.831103+00:00,2026-07-28
2026-07-23,2026-07-23,healthcare_pharma,healthcare_pharma_etf_flow,512010,Healthcare ETF candidate,0.376,0.381,0.371,0.377,14263312.0,536498411.0,0.0,3.07,,,,,akshare,fund_etf_hist_sina,historical_market_input,2026-07-23T15:19:05.120753+00:00,true,eastmoney,push2his bulk kline curl fallback after AKShare TLS failure,2026-07-28T06:10:48.831103+00:00,2026-07-28T06:10:48.831103+00:00,2026-07-28
2026-07-23,2026-07-23,real_estate_infra,real_estate_infra_etf_flow,512200,Real estate ETF candidate,1.149,1.157,1.137,1.157,819699.0,94038360.0,-0.08635578583764403,2.94,,,,,akshare,fund_etf_hist_sina,historical_market_input,2026-07-23T15:19:20.848862+00:00,true,eastmoney,push2his bulk kline curl fallback after AKShare TLS failure,2026-07-28T06:10:48.831103+00:00,2026-07-28T06:10:48.831103+00:00,2026-07-28
2026-07-23,2026-07-23,resources_materials,resources_materials_etf_flow,512400,Non-ferrous metals ETF candidate,1.775,1.851,1.759,1.822,10244408.0,1859662340.0,3.054298642533948,8.04,,,,,akshare,fund_etf_hist_sina,historical_market_input,2026-07-23T15:19:15.560209+00:00,true,eastmoney,push2his bulk kline curl fallback after AKShare TLS failure,2026-07-28T06:10:48.831103+00:00,2026-07-28T06:10:48.831103+00:00,2026-07-28
2026-07-23,2026-07-23,semiconductor,semiconductor_etf_flow,512480,Semiconductor ETF candidate,1.163,1.167,1.091,1.106,18378028.0,2059970165.0,-3.993055555555536,9.83,,,,,akshare,fund_etf_hist_sina,historical_market_input,2026-07-23T15:18:52.469799+00:00,true,eastmoney,push2his bulk kline curl fallback after AKShare TLS failure,2026-07-28T06:10:48.831103+00:00,2026-07-28T06:10:48.831103+00:00,2026-07-28
2026-07-23,2026-07-23,defense_military,defense_military_etf_flow,512660,Defense ETF candidate,1.079,1.105,1.079,1.101,2726827.0,298720971.0,1.6620498614958512,4.75,,,,,akshare,fund_etf_hist_sina,historical_market_input,2026-07-23T15:19:12.466116+00:00,true,eastmoney,push2his bulk kline curl fallback after AKShare TLS failure,2026-07-28T06:10:48.831103+00:00,2026-07-28T06:10:48.831103+00:00,2026-07-28
2026-07-23,2026-07-23,bank_insurance,bank_insurance_etf_flow,512800,Bank ETF candidate,0.797,0.805,0.795,0.803,14238102.0,1140740994.0,0.5006257822277815,10.06,,,,,akshare,fund_etf_hist_sina,historical_market_input,2026-07-23T15:18:50.280231+00:00,true,eastmoney,push2his bulk kline curl fallback after AKShare TLS failure,2026-07-28T06:10:48.831103+00:00,2026-07-28T06:10:48.831103+00:00,2026-07-28
2026-07-23,2026-07-23,new_energy_ev,new_energy_ev_etf_flow,515030,New energy vehicle ETF candidate,1.551,1.609,1.542,1.608,900392.0,142507087.0,3.6082474226804218,5.68,,,,,akshare,fund_etf_hist_sina,historical_market_input,2026-07-23T15:19:02.192296+00:00,true,eastmoney,push2his bulk kline curl fallback after AKShare TLS failure,2026-07-28T06:10:48.831103+00:00,2026-07-28T06:10:48.831103+00:00,2026-07-28
2026-07-23,2026-07-23,communication_electronics,communication_electronics_etf_flow,515880,Communication ETF candidate,0.679,0.696,0.664,0.671,52478191.0,3558859751.0,0.0,7.92,,,,,akshare,fund_etf_hist_sina,historical_market_input,2026-07-23T15:18:57.609750+00:00,true,eastmoney,push2his bulk kline curl fallback after AKShare TLS failure,2026-07-28T06:10:48.831103+00:00,2026-07-28T06:10:48.831103+00:00,2026-07-28
2026-07-24,2026-07-24,ai_computer,ai_computer_etf_flow,159819,人工智能ETF易方达,1.89,1.937,1.882,1.894,2823869.0,540120349.925,-1.81,2.49,11329229568.0,11291229696.0,37999872.0,71971757.568,akshare,fund_etf_spot_em+fund_etf_scale,akshare_etf_bridge_2026-07-24_104904,2026-07-24T10:49:04.160790+00:00,true,eastmoney,push2his bulk kline curl fallback after AKShare TLS failure,2026-07-28T06:10:48.831103+00:00,2026-07-28T06:10:48.831103+00:00,2026-07-28
2026-07-24,2026-07-24,consumer,consumer_etf_flow,159928,消费ETF汇添富,0.669,0.672,0.656,0.656,4724253.0,313089252.592,-2.09,2.04,23200628992.0,23250629120.0,-50000128.0,-32800083.968000002,akshare,fund_etf_spot_em+fund_etf_scale,akshare_etf_bridge_2026-07-24_104904,2026-07-24T10:49:04.160790+00:00,true,eastmoney,push2his bulk kline curl fallback after AKShare TLS failure,2026-07-28T06:10:48.831103+00:00,2026-07-28T06:10:48.831103+00:00,2026-07-28
2026-07-24,2026-07-24,brokerage,brokerage_etf_flow,512000,券商ETF华宝,0.535,0.537,0.525,0.526,21938494.0,1163002453.0,-2.41,2.9,75533434880.0,75854434304.0,-320999424.0,-168845697.02400002,akshare,fund_etf_spot_em+fund_etf_scale,akshare_etf_bridge_2026-07-24_104904,2026-07-24T10:49:04.160790+00:00,true,eastmoney,push2his bulk kline curl fallback after AKShare TLS failure,2026-07-28T06:10:48.831103+00:00,2026-07-28T06:10:48.831103+00:00,2026-07-28
2026-07-24,2026-07-24,healthcare_pharma,healthcare_pharma_etf_flow,512010,医药ETF易方达,0.376,0.378,0.364,0.365,14878668.0,550274549.0,-3.18,3.22,46233694976.0,46462694912.0,-228999936.0,-83584976.64,akshare,fund_etf_spot_em+fund_etf_scale,akshare_etf_bridge_2026-07-24_104904,2026-07-24T10:49:04.160790+00:00,true,eastmoney,push2his bulk kline curl fallback after AKShare TLS failure,2026-07-28T06:10:48.831103+00:00,2026-07-28T06:10:48.831103+00:00,2026-07-28
2026-07-24,2026-07-24,real_estate_infra,real_estate_infra_etf_flow,512200,房地产ETF南方,1.146,1.151,1.123,1.123,683406.0,77600119.0,-2.94,2.45,2785097904.0,2781097904.0,4000000.0,4492000.0,akshare,fund_etf_spot_em+fund_etf_scale,akshare_etf_bridge_2026-07-24_104904,2026-07-24T10:49:04.160790+00:00,true,eastmoney,push2his bulk kline curl fallback after AKShare TLS failure,2026-07-28T06:10:48.831103+00:00,2026-07-28T06:10:48.831103+00:00,2026-07-28
2026-07-24,2026-07-24,resources_materials,resources_materials_etf_flow,512400,有色金属ETF南方,1.759,1.787,1.727,1.735,6658234.0,1166844957.0,-4.77,5.32,12504539136.0,12137539072.0,367000064.0,636745111.0400001,akshare,fund_etf_spot_em+fund_etf_scale,akshare_etf_bridge_2026-07-24_104904,2026-07-24T10:49:04.160790+00:00,true,eastmoney,push2his bulk kline curl fallback after AKShare TLS failure,2026-07-28T06:10:48.831103+00:00,2026-07-28T06:10:48.831103+00:00,2026-07-28
2026-07-24,2026-07-24,semiconductor,semiconductor_etf_flow,512480,半导体ETF国联安,1.08,1.14,1.08,1.113,16218702.0,1806687069.0,0.63,8.63,18786007296.0,18162007296.0,624000000.0,694512000.0,akshare,fund_etf_spot_em+fund_etf_scale,akshare_etf_bridge_2026-07-24_104904,2026-07-24T10:49:04.160790+00:00,true,eastmoney,push2his bulk kline curl fallback after AKShare TLS failure,2026-07-28T06:10:48.831103+00:00,2026-07-28T06:10:48.831103+00:00,2026-07-28
2026-07-24,2026-07-24,defense_military,defense_military_etf_flow,512660,军工ETF国泰,1.094,1.106,1.076,1.077,2947331.0,321393528.0,-2.18,5.13,5748080128.0,5747079936.0,1000192.0,1077206.784,akshare,fund_etf_spot_em+fund_etf_scale,akshare_etf_bridge_2026-07-24_104904,2026-07-24T10:49:04.160790+00:00,true,eastmoney,push2his bulk kline curl fallback after AKShare TLS failure,2026-07-28T06:10:48.831103+00:00,2026-07-28T06:10:48.831103+00:00,2026-07-28
2026-07-24,2026-07-24,bank_insurance,bank_insurance_etf_flow,512800,银行ETF华宝,0.805,0.81,0.803,0.804,14502459.0,1169400138.0,0.12,9.69,14967879936.0,15357280000.0,-389400064.0,-313077651.45600003,akshare,fund_etf_spot_em+fund_etf_scale,akshare_etf_bridge_2026-07-24_104904,2026-07-24T10:49:04.160790+00:00,true,eastmoney,push2his bulk kline curl fallback after AKShare TLS failure,2026-07-28T06:10:48.831103+00:00,2026-07-28T06:10:48.831103+00:00,2026-07-28
2026-07-24,2026-07-24,new_energy_ev,new_energy_ev_etf_flow,515030,新能源车ETF华夏,1.582,1.6,1.561,1.562,726976.0,114603749.0,-2.86,4.52,1608384000.0,1611384000.0,-3000000.0,-4686000.0,akshare,fund_etf_spot_em+fund_etf_scale,akshare_etf_bridge_2026-07-24_104904,2026-07-24T10:49:04.160790+00:00,true,eastmoney,push2his bulk kline curl fallback after AKShare TLS failure,2026-07-28T06:10:48.831103+00:00,2026-07-28T06:10:48.831103+00:00,2026-07-28
2026-07-24,2026-07-24,communication_electronics,communication_electronics_etf_flow,515880,通信ETF国泰,0.653,0.669,0.646,0.646,45064802.0,2954379079.0,-3.73,6.75,66721774080.0,67237774080.0,-516000000.0,-333336000.0,akshare,fund_etf_spot_em+fund_etf_scale,akshare_etf_bridge_2026-07-24_104904,2026-07-24T10:49:04.160790+00:00,true,eastmoney,push2his bulk kline curl fallback after AKShare TLS failure,2026-07-28T06:10:48.831103+00:00,2026-07-28T06:10:48.831103+00:00,2026-07-28
2026-07-27,2026-07-27,ai_computer,ai_computer_etf_flow,159819,人工智能ETF易方达,1.891,1.923,1.838,1.919,3208586.0,606599281.158,1.32,2.83,11329229568.0,11329229568.0,0.0,0.0,akshare,fund_etf_spot_em+fund_etf_scale,akshare_etf_bridge_2026-07-27_115836,2026-07-27T11:58:36.051862+00:00,true,eastmoney,push2his bulk kline curl fallback after AKShare TLS failure,2026-07-28T06:10:48.831103+00:00,2026-07-28T06:10:48.831103+00:00,2026-07-28
2026-07-27,2026-07-27,consumer,consumer_etf_flow,159928,消费ETF汇添富,0.659,0.664,0.655,0.663,3542054.0,234160201.955,1.07,1.53,23108628992.0,23200628992.0,-92000000.0,-60996000.0,akshare,fund_etf_spot_em+fund_etf_scale,akshare_etf_bridge_2026-07-27_115836,2026-07-27T11:58:36.051862+00:00,true,eastmoney,push2his bulk kline curl fallback after AKShare TLS failure,2026-07-28T06:10:48.831103+00:00,2026-07-28T06:10:48.831103+00:00,2026-07-28
2026-07-27,2026-07-27,brokerage,brokerage_etf_flow,512000,券商ETF华宝,0.528,0.529,0.52,0.528,13904431.0,730081688.0,0.38,1.84,75533434880.0,75533434880.0,0.0,0.0,akshare,fund_etf_spot_em+fund_etf_scale,akshare_etf_bridge_2026-07-27_115836,2026-07-27T11:58:36.051862+00:00,true,eastmoney,push2his bulk kline curl fallback after AKShare TLS failure,2026-07-28T06:10:48.831103+00:00,2026-07-28T06:10:48.831103+00:00,2026-07-28
2026-07-27,2026-07-27,healthcare_pharma,healthcare_pharma_etf_flow,512010,医药ETF易方达,0.366,0.374,0.365,0.368,11046282.0,407481394.0,0.82,2.39,46233694976.0,46233694976.0,0.0,0.0,akshare,fund_etf_spot_em+fund_etf_scale,akshare_etf_bridge_2026-07-27_115836,2026-07-27T11:58:36.051862+00:00,true,eastmoney,push2his bulk kline curl fallback after AKShare TLS failure,2026-07-28T06:10:48.831103+00:00,2026-07-28T06:10:48.831103+00:00,2026-07-28
2026-07-27,2026-07-27,real_estate_infra,real_estate_infra_etf_flow,512200,房地产ETF南方,1.121,1.145,1.116,1.145,654812.0,74501293.0,1.96,2.35,2785097904.0,2785097904.0,0.0,0.0,akshare,fund_etf_spot_em+fund_etf_scale,akshare_etf_bridge_2026-07-27_115836,2026-07-27T11:58:36.051862+00:00,true,eastmoney,push2his bulk kline curl fallback after AKShare TLS failure,2026-07-28T06:10:48.831103+00:00,2026-07-28T06:10:48.831103+00:00,2026-07-28
2026-07-27,2026-07-27,resources_materials,resources_materials_etf_flow,512400,有色金属ETF南方,1.761,1.777,1.733,1.776,4623788.0,812181487.0,2.36,3.7,12504539136.0,12504539136.0,0.0,0.0,akshare,fund_etf_spot_em+fund_etf_scale,akshare_etf_bridge_2026-07-27_115836,2026-07-27T11:58:36.051862+00:00,true,eastmoney,push2his bulk kline curl fallback after AKShare TLS failure,2026-07-28T06:10:48.831103+00:00,2026-07-28T06:10:48.831103+00:00,2026-07-28
2026-07-27,2026-07-27,semiconductor,semiconductor_etf_flow,512480,半导体ETF国联安,1.101,1.132,1.06,1.124,14850244.0,1635659936.0,0.99,7.9,18786007296.0,18786007296.0,0.0,0.0,akshare,fund_etf_spot_em+fund_etf_scale,akshare_etf_bridge_2026-07-27_115836,2026-07-27T11:58:36.051862+00:00,true,eastmoney,push2his bulk kline curl fallback after AKShare TLS failure,2026-07-28T06:10:48.831103+00:00,2026-07-28T06:10:48.831103+00:00,2026-07-28
2026-07-27,2026-07-27,defense_military,defense_military_etf_flow,512660,军工ETF国泰,1.073,1.105,1.07,1.104,3870450.0,422638728.0,2.51,6.73,5748080128.0,5748080128.0,0.0,0.0,akshare,fund_etf_spot_em+fund_etf_scale,akshare_etf_bridge_2026-07-27_115836,2026-07-27T11:58:36.051862+00:00,true,eastmoney,push2his bulk kline curl fallback after AKShare TLS failure,2026-07-28T06:10:48.831103+00:00,2026-07-28T06:10:48.831103+00:00,2026-07-28
2026-07-27,2026-07-27,bank_insurance,bank_insurance_etf_flow,512800,银行ETF华宝,0.807,0.811,0.801,0.805,8936742.0,720619453.0,0.12,5.97,14967879936.0,14967879936.0,0.0,0.0,akshare,fund_etf_spot_em+fund_etf_scale,akshare_etf_bridge_2026-07-27_115836,2026-07-27T11:58:36.051862+00:00,true,eastmoney,push2his bulk kline curl fallback after AKShare TLS failure,2026-07-28T06:10:48.831103+00:00,2026-07-28T06:10:48.831103+00:00,2026-07-28
2026-07-27,2026-07-27,new_energy_ev,new_energy_ev_etf_flow,515030,新能源车ETF华夏,1.578,1.609,1.573,1.606,1114917.0,177715307.0,2.82,6.9,1616384000.0,1608384000.0,8000000.0,12848000.0,akshare,fund_etf_spot_em+fund_etf_scale,akshare_etf_bridge_2026-07-27_115836,2026-07-27T11:58:36.051862+00:00,true,eastmoney,push2his bulk kline curl fallback after AKShare TLS failure,2026-07-28T06:10:48.831103+00:00,2026-07-28T06:10:48.831103+00:00,2026-07-28
2026-07-27,2026-07-27,communication_electronics,communication_electronics_etf_flow,515880,通信ETF国泰,0.639,0.668,0.632,0.667,42346596.0,2775660459.0,3.25,6.35,66721774080.0,66721774080.0,0.0,0.0,akshare,fund_etf_spot_em+fund_etf_scale,akshare_etf_bridge_2026-07-27_115836,2026-07-27T11:58:36.051862+00:00,true,eastmoney,push2his bulk kline curl fallback after AKShare TLS failure,2026-07-28T06:10:48.831103+00:00,2026-07-28T06:10:48.831103+00:00,2026-07-28
2026-07-28,2026-07-28,ai_computer,ai_computer_etf_flow,159819,AI ETF candidate,1.869,1.887,1.799,1.803,3225830.0,593506028.986,-6.044815007816573,3.44,,,,,akshare,fund_etf_hist_em,historical_market_input,2026-07-28T05:36:50.032428+00:00,true,eastmoney,push2his bulk kline curl fallback after AKShare TLS failure,2026-07-28T06:10:48.831103+00:00,2026-07-28T06:10:48.831103+00:00,2026-07-28
2026-07-28,2026-07-28,consumer,consumer_etf_flow,159928,Consumer ETF candidate,0.662,0.673,0.659,0.67,3948376.0,262948123.867,1.0558069381598756,1.88,,,,,akshare,fund_etf_hist_em,historical_market_input,2026-07-28T05:36:55.453128+00:00,true,eastmoney,push2his bulk kline curl fallback after AKShare TLS failure,2026-07-28T06:10:48.831103+00:00,2026-07-28T06:10:48.831103+00:00,2026-07-28
2026-07-28,2026-07-28,brokerage,brokerage_etf_flow,512000,券商ETF华宝,0.525,0.525,0.518,0.518,15986552.0,718314157.0,-1.89,1.81,76092035072.0,75533434880.0,558600192.0,289354899.45600003,akshare,fund_etf_spot_em+fund_etf_scale,akshare_etf_bridge_2026-07-28_053526,2026-07-28T05:35:26.172676+00:00,true,eastmoney,push2his bulk kline curl fallback after AKShare TLS failure,2026-07-28T06:10:48.831103+00:00,2026-07-28T06:10:48.831103+00:00,2026-07-28
2026-07-28,2026-07-28,healthcare_pharma,healthcare_pharma_etf_flow,512010,Healthcare ETF candidate,0.367,0.37,0.364,0.366,6985785.0,255931265.0,-0.5434782608695676,1.59,,,,,akshare,fund_etf_hist_em,historical_market_input,2026-07-28T05:36:54.529043+00:00,true,eastmoney,push2his bulk kline curl fallback after AKShare TLS failure,2026-07-28T06:10:48.831103+00:00,2026-07-28T06:10:48.831103+00:00,2026-07-28
2026-07-28,2026-07-28,real_estate_infra,real_estate_infra_etf_flow,512200,房地产ETF南方,1.148,1.171,1.148,1.154,1721171.0,194397257.0,0.79,6.0,2785597904.0,2785097904.0,500000.0,577000.0,akshare,fund_etf_spot_em+fund_etf_scale,akshare_etf_bridge_2026-07-28_053526,2026-07-28T05:35:26.172676+00:00,true,eastmoney,push2his bulk kline curl fallback after AKShare TLS failure,2026-07-28T06:10:48.831103+00:00,2026-07-28T06:10:48.831103+00:00,2026-07-28
2026-07-28,2026-07-28,resources_materials,resources_materials_etf_flow,512400,Non-ferrous metals ETF candidate,1.743,1.757,1.72,1.728,3751941.0,652674373.0,-2.7027027027027084,3.23,,,,,akshare,fund_etf_hist_em,historical_market_input,2026-07-28T05:37:00.326236+00:00,true,eastmoney,push2his bulk kline curl fallback after AKShare TLS failure,2026-07-28T06:10:48.831103+00:00,2026-07-28T06:10:48.831103+00:00,2026-07-28
2026-07-28,2026-07-28,semiconductor,semiconductor_etf_flow,512480,Semiconductor ETF candidate,1.087,1.116,1.048,1.051,13109335.0,1422672548.0,-6.4946619217082,7.87,,,,,akshare,fund_etf_hist_em,historical_market_input,2026-07-28T05:36:48.072276+00:00,true,eastmoney,push2his bulk kline curl fallback after AKShare TLS failure,2026-07-28T06:10:48.831103+00:00,2026-07-28T06:10:48.831103+00:00,2026-07-28
2026-07-28,2026-07-28,defense_military,defense_military_etf_flow,512660,Defense ETF candidate,1.086,1.1,1.073,1.073,1936434.0,209884755.0,-2.8079710144927605,3.61,,,,,akshare,fund_etf_hist_em,historical_market_input,2026-07-28T05:36:58.611300+00:00,true,eastmoney,push2his bulk kline curl fallback after AKShare TLS failure,2026-07-28T06:10:48.831103+00:00,2026-07-28T06:10:48.831103+00:00,2026-07-28
2026-07-28,2026-07-28,bank_insurance,bank_insurance_etf_flow,512800,银行ETF华宝,0.807,0.816,0.805,0.815,13066658.0,662628972.0,1.24,5.76,14156079872.0,14967879936.0,-811800064.0,-661617052.16,akshare,fund_etf_spot_em+fund_etf_scale,akshare_etf_bridge_2026-07-28_053526,2026-07-28T05:35:26.172676+00:00,true,eastmoney,push2his bulk kline curl fallback after AKShare TLS failure,2026-07-28T06:10:48.831103+00:00,2026-07-28T06:10:48.831103+00:00,2026-07-28
2026-07-28,2026-07-28,new_energy_ev,new_energy_ev_etf_flow,515030,New energy vehicle ETF candidate,1.587,1.607,1.572,1.572,735021.0,116672569.0,-2.1170610211706076,5.02,,,,,akshare,fund_etf_hist_em,historical_market_input,2026-07-28T05:36:52.671951+00:00,true,eastmoney,push2his bulk kline curl fallback after AKShare TLS failure,2026-07-28T06:10:48.831103+00:00,2026-07-28T06:10:48.831103+00:00,2026-07-28
2026-07-28,2026-07-28,communication_electronics,communication_electronics_etf_flow,515880,Communication ETF candidate,0.642,0.65,0.605,0.606,59516459.0,3726539620.0,-9.145427286356833,10.03,,,,,akshare,fund_etf_hist_em,historical_market_input,2026-07-28T05:36:51.709747+00:00,true,eastmoney,push2his bulk kline curl fallback after AKShare TLS failure,2026-07-28T06:10:48.831103+00:00,2026-07-28T06:10:48.831103+00:00,2026-07-28
